author	difficulty	date	topic1	text	topic2	topic3	answer	hint	solution	topics
Ираклий Гагуа	50	2011.0	комбинаторика	"Сколько существует
А) трехзначных чисел?
Б) пятизначных чисел?
В) пятизначных чисел, в которых все цифры четные?
Г) пятизначных чисел, в которых есть хотя бы одна четная цифра?"	числа					комбинаторика, числа, 
Ираклий Гагуа	50	2011.0	комбинаторика	Сколько существует двузначных чисел, у которых цифры идут по возрастанию?	числа					комбинаторика, числа, 
Ираклий Гагуа	51	2011.0	комбинаторика	Сколько существует трехзначных чисел, у которых цифры идут по возрастанию?	числа					комбинаторика, числа, 
Ираклий Гагуа	52	2011.0	комбинаторика	Сколькими способами можно поставить на доску 3х3 белую и чёрную ладьи так, чтобы они не били друг друга?	шахматы					комбинаторика, шахматы, 
Ираклий Гагуа	52	2011.0	комбинаторика	Сколькими способами можно поставить на доску 3х3 двух белых ладей так, чтобы они не били друг друга?	шахматы					комбинаторика, шахматы, 
Ираклий Гагуа	70	2011.0	комбинаторика	Сколькими способами можно переставить 7 подносов, стоящих на длинном узком столе?						комбинаторика, , 
Ираклий Гагуа	71	2011.0	комбинаторика	Сколькими способами можно переставить n подносов, стоящих на длинном узком столе? Это называется число перестановок из n элементов и обозначается $P_n$.						комбинаторика, , 
Ираклий Гагуа	71	2011.0	комбинаторика	Сколько различных слов (не обязательно осмысленных) можно составить, используя 3 буквы А, 4 буквы Б и 5 букв В?						комбинаторика, , 
Ираклий Гагуа	73	2011.0	комбинаторика	Имеется $k_1$ шариков 1-го цвета, … , $k_n$ шариков n-го цвета. Сколькими способами их можно расставить в ряд?						комбинаторика, , 
Ираклий Гагуа	72	2011.0	комбинаторика	Сколько существует двоичных слов длины 10, в которых ровно 4 нуля?						комбинаторика, , 
Ираклий Гагуа	72	2011.0	комбинаторика	Сколько существует двоичных слов длины n, в которых ровно k нулей? Это называется число сочетаний из n элементов по k и обозначается $C_n^k$ или $(^n_k)$						комбинаторика, , 
Ираклий Гагуа	50	2011.0	комбинаторика	В команде из 11 человек нужно выбрать капитана и заместителя. Сколькими способами это можно сделать?						комбинаторика, , 
Ираклий Гагуа	51	2011.0	комбинаторика	Сколькими способами можно выбрать гласную и согласную буквы в слове «КРУЖОК»?						комбинаторика, , 
Ираклий Гагуа	51	2011.0	комбинаторика	На доске написаны 7 существительных, 5 глаголов и 2 прилагательных. Для предложения нужно выбрать по одному слову каждой из этих частей речи. Сколькими способами это можно сделать?						комбинаторика, , 
Ираклий Гагуа	52	2011.0	комбинаторика	"В магазин «Всё для чая» завезли 4 различные чайные ложки.
а) Сколькими способами можно купить набор из трех предметов?
б) А из двух предметов?"						комбинаторика, , 
Ираклий Гагуа	53	2011.0	комбинаторика	Каких двоичных слов длины 50 больше: тех, в которых 36 единиц, или тех, в которых 14 единиц?						комбинаторика, , 
25 школа	70	2012.0	комбинаторика	"Кощей Бессмертный, желая сделать Бабе Яге подарок на Новый Год,
приобрел кучу метелок трех сортов, ступы 5 видов и головные платки 7
расцветок. Он хочет каждый Новый Год дарить Яге 1 метлу, 1 ступу и 1
платок, но так, чтобы ни один год наборы подарков не совпадали. На
сколько лет ему хватит приобретенных товаров? (Считайте, что
количество приобретенных предметов сколь угодно велико.)"						комбинаторика, , 
25 школа	71	2012.0	комбинаторика	"Монету бросают трижды. Сколько различных последовательностей орлов
и решек можно получить? А если монету бросать 100 раз?"						комбинаторика, , 
25 школа	72	2012.0	комбинаторика	"Назовем число симпатичным, если в его записи встречаются только
нечетные цифры. Сколько существует а) пятизначных симпатичных чисел;
б) пятизначниых несимпатичных чисел?"	числа					комбинаторика, числа, 
25 школа	72	2012.0	комбинаторика	"В алфавите племени Умбо–Юмбо всего три буквы: А, У и О. Словом
считается любая последовательность букв, содержащая не более, чем 4
буквы. Сколько слов в языке племени Умбо–Юмбо?"						комбинаторика, , 
25 школа	73	2012.0	комбинаторика	"В классе 10 учеников. Сколькими способами можно разбить этот класс а)
на две; б) на три не обязательно равные непустые группы? (Назначения
групп различны!)"						комбинаторика, , 
25 школа	72	2012.0	комбинаторика	"В классе из 25 человек требуется выбрать а) старосту и его заместителя; б)
двух дежурных. Сколькими способами это можно сделать?"						комбинаторика, , 
25 школа	73	2012.0	комбинаторика	Сколько диагоналей имеет выпуклый а) 25-тиугольник б) n-угольник?	геометрия					комбинаторика, геометрия, 
25 школа	73	2012.0	комбинаторика	"Сколькими способами можно поставить на шахматную доску а) белую и
черную ладьи; б) две белых ладьи так, чтобы они не били друг друга?"	шахматы					комбинаторика, шахматы, 
25 школа	73	2012.0	комбинаторика	"Сколькими способами можно поставить на шахматную доску а) белого и
черного королей; б) двух белых королей так, чтобы они не били друг
друга?"	шахматы					комбинаторика, шахматы, 
25 школа	73	2012.0	комбинаторика	"Каких семизначных чисел больше: тех, в записи которых есть 1 или
остальных?"	числа					комбинаторика, числа, 
25 школа	72	2012.0	комбинаторика	"В 7М классе учится 26 человек. Сколькими способами их можно
выстроить в ряд при условии, что а) Ваня и Женя должны обязательно
стоять рядом; б) Ваня и Женя ни в коем случае не должны стоять рядом."						комбинаторика, , 
Павел Минаев	82	2017.0	комбинаторика	"Раскроем скобки в выражении $(x + 1)^n$
(a) Пусть все слагаемые приведены. Найдите коэффициент при $x^m$ с помощью комбинаторных размышлений.
(b) Докажите, что этот коэффициент равен найденному в предыдущем пункте числу, по индукции.
(c) Сколько будет слагаемых без приведения подобных слагаемых?
(d) Расскройте скобки у выражения $(x + y)^n$ и выразите коэффициенты прикаждом приведенном члене.
Выражение, полученное Вами в пункте (d) называется биномом Ньютона."						комбинаторика, , 
Павел Минаев	83	2017.0	комбинаторика	"В этой задаче нужно внимательно смотреть на треугольник Паскаля
(a) Пусть есть бесконечная шахматная доска вправо и вверх. В левом нижнем углу стоит хромой король,
умеющий ходить только вправо и вверх. Сколько есть способов добраться до клетки (n;m), где n – число
строк по вертикали, а m – по горизонтали?
(b) Напишем в каждую клетку доски из предыдущей задачи число способов добраться до этой клетки. Как
связан треугольник Паскаля и эта табличка с числами? Докажите свою гипотезу."						комбинаторика, , 
Павел Минаев	81	2017.0	комбинаторика	"Посмотрите на строчки треугольника Паскаля.
(a) Выпишите явно, чему равно $(x + 1)^4$ и $(x + 1)^5$.
(b) Докажите, используя только реккурентное определение треугольника Паскаля, связь между биномом Ньютона и треугольником Паскаля."						комбинаторика, , 
25 школа	70	2017.0	комбинаторика	На дискотеку пришли 10 юношей и 10 девушек. Сколькими способами они могут разбиться на пары перед очередным медленным танцем?						комбинаторика, , 
25 школа	70	2017.0	комбинаторика	Сколькими способами можно 20 человек разбить на пары?						комбинаторика, , 
25 школа	71	2017.0	комбинаторика	Докажите, что количество способов выбрать из n элементов  группу из k равно n!/(k!(n-k)!)						комбинаторика, , 
25 школа	70	2017.0	комбинаторика	"Рота состоит из 3 лейтенантов, 6 сержантов и 60 рядовых. Сколькими способами
можно выбрать из них отряд, состоящий из одного лейтенанта, двух сержантов и 20
рядовых?"						комбинаторика, , 
25 школа	71	2017.0	комбинаторика	"На прямой отмечено 10 точек, а на параллельной ей прямой –11. Сколько
существует трапеций с вершинами в этих точках?"	геометрия					комбинаторика, геометрия, 
25 школа	72	2017.0	комбинаторика	"Сколькими способами можно из 15 слов выбрать набор, состоящий не более чем
из 5 слов?"						комбинаторика, , 
25 школа	70	2017.0	комбинаторика	"В группе Платоны учатся 2 девочки и 8 мальчиков. Сколькими способами
Дмитрий Владимирович может отправить на олимпиаду команду из четырех человек
так, чтобы среди участников была хотя бы одна девочка?"						комбинаторика, , 
25 школа	71	2017.0	комбинаторика	"Сколькими способами можно 10 человек разбить на 2 баскетбольные команды
по 5 в каждой?"						комбинаторика, , 
25 школа	72	2017.0	комбинаторика	"Сколькими способами можно расставить 12 белых и 12 черных шашек на черных
полях шахматной доски?"	шахматы					комбинаторика, шахматы, 
25 школа	73	2017.0	комбинаторика	Сколько существует десятизначных чисел, у которых сумма цифр равна 4?	числа					комбинаторика, числа, 
25 школа	73	2017.0	комбинаторика	"Сколько существует шестизначных чисел у которых четных и нечетных цифр
поровну?"	числа					комбинаторика, числа, 
25 школа	72	2017.0	комбинаторика	"Семен имеет 6 друзей и в течение 5 дней приглашает в гости каких–то троих
из них так, чтобы компания ни разу не повторялась. Сколькими способами он может
это сделать?"	графы					комбинаторика, графы, 
Дарья Анзон	80	2017.0	комбинаторика	"6 карточек пронумерованы числами 1, 2, 3, 4, 5, 6.
Карточки наугад выкладываем в ряд. Сколько при этом можно получить
различных шестизначных чисел?"					"На первое место можно положить одну из 6 карточек. Для этого есть
6 способов. В каждом из этих 6 способов на второе место можно положить одну
из оставшихся 5 карточек. Таким образом, существует $5 \cdot 6=30$ способов, чтобы
положить карточки на первое и второе места. В каждом из этих 30 способов на
третье место можно положить одну из оставшихся 4 карточек. Следовательно,
существует $4 \cdot 5 \cdot 6=120$ способов, чтобы положить карточки на первое, второе
и третье места. И так далее, пока не останется одна карточка. Таким образом,
при выкладывании карточек можно получить 6!=720 шестизначных чисел. Иногда нас может интересовать количество способов расположить не все n
элементов, а только несколько из них. Тогда цепочка из предыдущего
рассуждения оборвется на k-том шаге, а не дойдет до единицы. $n \cdot(n-1) \cdot(n-2) \cdot \ldots \cdot(n-k+1)$. 
Это число размещений k элементов из n можно более коротко записать: $\frac{n !}{(n-k) !}$. (Проверьте, что дробь сокращается до нужного произведения!)"	комбинаторика, , 
Дарья Анзон	81	2017.0	комбинаторика	Вычислите: а) $\frac{24 ! ! 50 !}{25 ! \cdot 49 !}$ б)$\frac{40 !}{38 ! \cdot 5 !}$ в)$\frac{7 !+6 !}{5 !}$ г) $\frac{8 !-6 !}{55}$ д)$\frac{7 ! 4 !}{10 !}\left(\frac{8 !}{5 ! \cdot 3 !}-\frac{9 !}{7 ! \cdot 2 !}\right)$						комбинаторика, , 
Дарья Анзон	81	2017.0	комбинаторика	Упростите выражения: а) $\frac{10 !}{n \cdot(n+1)} \cdot  \frac{(n+1) !}{8 !}$ б)$n ! \cdot\left(\frac{1}{n !}-\frac{1}{(n+1) !}\right)$						комбинаторика, , 
Дарья Анзон	82	2017.0	комбинаторика	Решите уравнения: а) $\frac{(n+1) !}{(n-1) !}=72$ б)$\frac{n !-(n-1) !}{(n+1) !}=\frac{1}{6}$						комбинаторика, , 
Дарья Анзон	82	2017.0	комбинаторика	"Объясните, как найти бесконечно много x, y и z, которые больше 1, и
удовлетворяют условию $x ! \cdot y !=z !$"						комбинаторика, , 
Дарья Анзон	81	2017.0	комбинаторика	"Сколько раз можно разделить число 10! на 2 нацело? (каждый следующий раз
мы делим результат предыдущего действия, а не 10!)"						комбинаторика, , 
Дарья Анзон	81	2017.0	комбинаторика	Сколько раз можно разделить число 100! на 10 нацело?						комбинаторика, , 
Дарья Анзон	82	2017.0	комбинаторика	"Семь девушек водят хоровод. Сколькими различными способами они могут
встать в круг?"						комбинаторика, , 
Дарья Анзон	81	2017.0	комбинаторика	"Сколько различных чисел можно составить из цифр 0, 1, 2, 3, если ни одна из
цифр не будет повторяться? (число с нуля начинаться не может)"						комбинаторика, , 
Дарья Анзон	82	2017.0	комбинаторика	"Код для сейфа фирмы Невлезайубьет должен состоять из десяти различных
цифр и 33 различных букв. Богач Скуперфильд, опасаясь за свои сокровища,
каждый день выбирает новый (т.е. такой, которого еще ни разу не было) код к
своему сейфу. На протяжении скольких дней он сможет это делать?"						комбинаторика, , 
Дарья Анзон	83	2017.0	комбинаторика	"В футбольной команде 2 нападающих, 4 полузащитника, 4 защитника и 1
вратарь. Сколькими способами можно построить их в ряд так, чтобы первым
стоял вратарь, за ним стояли защитники, за ними — полузащитники, и в конце
— нападающие?"						комбинаторика, , 
Дарья Анзон	83	2017.0	комбинаторика	"Человек забыл две последние цифры в семизначном телефонном номере,
помнит только, что все цифры номера были неодинаковые. Сколько
телефонных номеров ему придется опробовать, чтобы дозвониться?"						комбинаторика, , 
Дарья Анзон	82	2017.0	комбинаторика	На гранях кубика расставлены числа от 1 до 6. Кубик бросили два раза. В первый раз сумма чисел на четырёх боковых гранях оказалась равна 12, во второй — 15. Какое число написано на грани, противоположной той, где написана цифра 3? 	кубики					комбинаторика, кубики, 
Дарья Анзон	82	2017.0	неравенства	x, y > 0.  Через S обозначим наименьшее из чисел x, 1/y,  y + 1/x.  Какое максимальное значение может принимать величина S? 						неравенства, , 
Дарья Анзон	81	2017.0	графы	Можно ли нарисовать на поверхности кубика Рубика такой замкнутый путь, который проходит через каждый квадратик ровно один раз (через вершины квадратиков путь не проходит)? 	кубики	стереометрия				графы, кубики, стереометрия
Дарья Анзон	83	2017.0	конструктивы	Придумайте, как оклеить поверхность куба  с ребром 1 см шестью одинаковыми параллелограммами площади 1, которые не будут ни квадратами, ни прямоугольниками. 	стереометрия					конструктивы, стереометрия, 
Дмитрий Трущин	72	2013.0	комбинаторика	"Имеется 6 разноцветных коробок. Сколькими способами можно в эти коробки
разложить 20 шаров при условии, что:
а. Шары разных размеров.
б. Шары одинаковые.
в. Шары одинаковые, и не должно остаться пустых коробок.
г. Шары одинаковые, и в каждой коробке должно оказаться не менее двух шаров."						комбинаторика, , 
Дмитрий Трущин	73	2013.0	комбинаторика	"Сколько решений в целых числах имеет уравнение a + b + c + d + e + f = 20 при
условии, что
а) $a, b, c, d, e, f \geq 0$ б)$a, b, c, d, e, f \geq 1$ в) $a, b, c, d, e, f \geq 2$"	алгебра					комбинаторика, алгебра, 
Дмитрий Трущин	73	2013.0	комбинаторика	"Сколькими способами натуральное число n можно представить ввиде суммы k
а) неотрицательных; б) положительных слагаемых?"						комбинаторика, , 
Дмитрий Трущин	72	2013.0	комбинаторика	"Переплетчик должен переплести 12 одинаковых книг в красный, синий или
зеленый переплеты. Сколькими способами он может это сделать?"						комбинаторика, , 
Дмитрий Трущин	72	2013.0	комбинаторика	"В почтовом отделении продаются открыти 10 видов. Сколькими способами
можно купить а) 8 различных открыток; б) 12 открыток?"						комбинаторика, , 
Дмитрий Трущин	72	2013.0	комбинаторика	"В стране живет n человек. Президента выбирают посредством тайного
голосования, при котором каждый гражданин голосует за одного из граждан
(возможно, за себя самого). Сколькими способами может быть составлен протокол
этого голосования? (Тайным называется голосование, при котором известно, сколько
голосов подано за каждого из кандидатов, но не известно, кто именно как
проголосовал.)"						комбинаторика, , 
Дмитрий Трущин	72	2013.0	комбинаторика	"Сколькими способами можно 4 белых шара, 4 синих шара и 4 красных шара
разложить в 6 различных ящиков?"						комбинаторика, , 
Дмитрий Трущин	72	2013.0	комбинаторика	"Сколькими способами можно выложить в ряд 5 белых, 5 красных и 5 синих
шаров так, чтобы никакие два синих шара не лежали рядом?"						комбинаторика, , 
Дмитрий Трущин	73	2013.0	комбинаторика	"В кошельке лежит а) по 20 монет; б) по 10 монет достоинством 1, 2 и 5 рублей.
Сколькими способами можно из этих монет выбрать 20?"						комбинаторика, , 
Дмитрий Трущин	73	2013.0	комбинаторика	"Сколько решений в целых числах имеет уравнение x + y + z = 20 при условии,
что $0 \leq x, y, z \leq 10$?"	алгебра					комбинаторика, алгебра, 
Дмитрий Трущин	74	2013.0	комбинаторика	Сколько решений в натуральных числах имеет уравнение $x y z=10^{9}$?	алгебра					комбинаторика, алгебра, 
Дмитрий Трущин	73	2013.0	комбинаторика	"На полке стоит 12 книг. Сколькими способами можно выбрать из них 5 книг,
никакие две из которых не стоят рядом?"						комбинаторика, , 
Лев Юманов	50	2016.0	дирихле	Сто человек сидят за круглым столом, причем более половины из них—мужчины. Докажите, что какие-то двое из мужчин сидят друг напротив друга. 						дирихле, , 
Лев Юманов	50	2016.0	дирихле	Имеется 2k +1 карточек, занумерованных числами от 1 до 2k +1. Какое наибольшее число карточек можно выбрать так, чтобы ни один из извлеченных номеров не был равен сумме двух других извлеченных номеров? 						дирихле, , 
Лев Юманов	50	2016.0	комбинаторика	Из двух математиков и десяти экономистов надо составить комиссию из восьми человек. Сколькими способами можно составить комиссию, если в нее должен входить хотя бы один математик? 						комбинаторика, , 
Лев Юманов	50	2016.0	комбинаторика	Найдите сумму всех семизначных чисел, которые можно получить всевозможными перестановками цифр 1,...,7	числа					комбинаторика, числа, 
Лев Юманов	50	2016.0	комбинаторика	"а) На двух клетках шахматной доски стоят черный и белый короли. За один ход можно пойти любым королем (короли дружат, так что могут стоять на соседних клетках, но не в одной и той же). 
Могут ли в результате их передвижений встретиться все возможные варианты расположения этих королей, причем ровно по одному разу? 
б) Тот же вопрос, если короли разучились ходить по диагонали."	шахматы					комбинаторика, шахматы, 
Ирина Шпаковская	30	2017.0	комбинаторика	"У капитана Блада есть пять матросов разного возраста. 
Он желает повысить нескольких из них в должности, но первым повышение должен получить матрос с большим возрастом (то есть нельзя сначала повысить матроса, которому 23, а потом – того, кому 30, а наоборот - можно). 
Для каждого из вариантов выпишите все способы повышения, которые есть у капитана, составив дерево вариантов. Сколько способов получилось, если нужно повысить двух матросов?
А если капитану Бладу нужно повысить трех матросов?"						комбинаторика, , 
Ирина Шпаковская	30	2017.0	комбинаторика	"Иногда капитан встает на ночную вахту. Но два дня подряд вставать на ночную вахту капитан не любит. Для каждого из вариантов опишите все способы это сделать и составьте дерево вариантов
Сколькими способами капитан сможет выбрать дни для ночной вахты, если сейчас он собирается находиться в море 3 дня?
А если морское путешествие займет 4 дня?  "						комбинаторика, , 
Ирина Шпаковская	30	2017.0	комбинаторика	В море для сообщения сигналов кораблям используют специальные флаги. На флагшток поднимается сигнал, состоящий из не менее чем двух флагов. Сколько различных сигналов можно поднять на флагштоке, если порядок флагов в сигнале учитывается, но у капитана Блада осталось только 4 флага?						комбинаторика, , 
Ирина Шпаковская	30	2017.0	комбинаторика	"Перечислите все способы выбрать гласную и согласную буквы из следующих слов. Сколько их?
КАРАВЕЛЛА
ИЛЛЮМИНАТОР
АДМИРАЛТЕЙСТВО"						комбинаторика, , 
Ирина Шпаковская	30	2017.0	комбинаторика	"Капитан подбросил монетку несколько раз. Перечислите все последовательности орлов и решек, которые он мог получить. 
Монетку подкинули 3 раза
А теперь 4 раза "						комбинаторика, , 
Ирина Шпаковская	30	2017.0	комбинаторика	Акула за 30 дней съедает 25 непослушных пиратов. За любые идущие подряд 7 дней она съедает ровно 6 человек. Сколько существует различных кулинарных календарей акулы?						комбинаторика, , 
Ирина Шпаковская	30	2017.0	комбинаторика	"Сколькими способами можно переставить буквы в слове?
ЯХТА
ГИНИ
ФЬОРД
МАЧТА
*БРАМСЕЛЬ
*ЛЕВЕНТИК
*АВИАНОСЕЦ"						комбинаторика, , 
Ирина Шпаковская	30	2017.0	комбинаторика	ПОЗДНЕЙ НОЧЬЮ ПО БЕРЕГУ РЕКИ СПЕШИЛ ДОМОЙ УСТАВШИЙ КАПИТАН. Сколько осмысленных предложений можно составить из имеющихся, вычеркивая некоторые слова из этого предложения? (Во все предложения должны входить слова КАПИТАН и СПЕШИЛ)						комбинаторика, , 
Ирина Шпаковская	30	2017.0	комбинаторика	"Сколько способов разложить 12 шариков по 3 коробкам так, чтобы пустых не было?
А теперь коробки могут быть еще и пустыми"						комбинаторика, , 
Ираклий Гагуа	30	2010.0	комбинаторика	"Разрежьте уголок из трех клеток на 64 равные части.
Замостите клетчатую плоскость одинаковыми
пятиугольниками,
семиугольниками,
вершины которых лежат в узлах решетки."	геометрия					комбинаторика, геометрия, 
Ираклий Гагуа	30	2010.0	комбинаторика	Какие фигуры могут получиться при пересечении двух треугольников?	геометрия					комбинаторика, геометрия, 
Ираклий Гагуа	30	2010.0	комбинаторика	"Сколько точек пересечения могут иметь прямая и
а.треугольник?   б.  четырёхугольник?   в.  n-угольник?"	геометрия					комбинаторика, геометрия, 
Ираклий Гагуа	30	2010.0	комбинаторика	"Нарисуйте на клетчатой бумаге два многоугольника
с одинаковым периметром, но с различной площадью;
с одинаковой площадью, но различным периметром;
не равных между собой, у которых одинаковы и площадь, и периметр."	геометрия					комбинаторика, геометрия, 
Ираклий Гагуа	30	2010.0	комбинаторика	Площадь одного бумажного треугольника больше площади второго треугольника. Верно ли, что первым треугольником можно покрыть второй?	геометрия					комбинаторика, геометрия, 
Ираклий Гагуа	30	2010.0	комбинаторика	"Нарисуйте на клетчатой бумаге квадрат с площадью
а. 2. ;;б. 5. ;;в. 8.
г. 10. ;д. 13. ;е. 20."	геометрия					комбинаторика, геометрия, 
Ираклий Гагуа	30	2010.0	комбинаторика	На клетчатой бумаге отмечены четыре узла сетки, образующие квадрат 4 на 4. Отметьте ещё два узла и соедините их замкнутой ломаной так, чтобы получился шестиугольник площадью 6 клеток.	геометрия					комбинаторика, геометрия, 
Ираклий Гагуа	30	2010.0	комбинаторика	Нарисуйте замкнутую 6-звенную ломаную, пересекающую каждое свое звено ровно один раз.	геометрия					комбинаторика, геометрия, 
Ираклий Гагуа	30	2010.0	комбинаторика	Нарисуйте замкнутую 7-звенную ломаную, пересекающую каждое свое звено ровно два раза.	геометрия					комбинаторика, геометрия, 
Ираклий Гагуа	30	2010.0	комбинаторика	Дан круг и отмечена точка внутри него. На какое минимальное число частей можно разрезать этот круг так, чтобы из получившихся частей складывался круг, в котором отмеченная точка будет центром?	геометрия					комбинаторика, геометрия, 
Павел Живцов	71	2018.0	комбинаторика	"Сколькими способами можно выбрать порядок пяти блюд на обеде, если десерт нельзя есть
раньше супа?"						комбинаторика, , 
Павел Живцов	71	2018.0	комбинаторика	"У Васи четыре разноцветных M&Ms и четыре красных M&Ms. Сколькими способами их
можно расставить в ряд так, чтобы 4 красных не шли подряд?"						комбинаторика, , 
Павел Живцов	71	2018.0	комбинаторика	"Сколькими способами можно переставить цифры в числе 75571193 так, чтобы в полученном
числе обязательно присутствовало сочетание 57?"						комбинаторика, , 
Павел Живцов	71	2018.0	комбинаторика	"На полке стоит m томов Толстого и n томов Достоевского. Сколькими способами можно
расставить книги на полке если нужно, чтобы все тома Достоевского стояли раньше томов Толстого? А
если нужно, чтобы все тома Достоевского стояли рядом, а Толстого – не обязательно?"						комбинаторика, , 
Павел Живцов	71	2018.0	комбинаторика	Сколькими способами можно выбрать три пары людей из n человек?						комбинаторика, , 
Павел Живцов	71	2018.0	комбинаторика	"Десять человек садятся в купе. Трое из них хотят сидеть по ходу движения, четверо - против
движения, а остальным не имеет значения, как сидеть. В купе стоят два пятиместных дивана напротив
друг друга. Сколькими способами они могут рассесться?"						комбинаторика, , 
Павел Живцов	71	2018.0	комбинаторика	"а) Сколькими способами можно выбрать из чисел 1, 2, . . . 20 два числа так, чтобы их сумма
была четной? б) Сколькими способами можно выбрать из чисел 1, 2, . . . 30 три числа так, чтобы их
сумма была четной?"						комбинаторика, , 
Павел Живцов	71	2018.0	комбинаторика	Даны шесть цифр 0, 1, 2, 3, 4, 5. Найдите сумму всех четырехзначных четных чисел, записанных этими цифрами (цифры могут повторяться.)						комбинаторика, , 
Павел Живцов	71	2018.0	комбинаторика	"Дано 3n + 1 предметов, из них n одинаковых, и 2n + 1 различных. Сколькими способами
можно взять n из них?"						комбинаторика, , 
Павел Живцов	71	2018.0	комбинаторика	"а) У Васи есть три красных M&Ms и пять желтых M&Ms. Он решил раз в год, на свой
День Рождения, съедать по одной штуке, причем ему жалко есть красные конфеты два года подряд. Сколькими способами он может это сделать?. б) Сколько существует восьмизначных последовательностей из пяти нулей и трех единиц таких, что никакие две единицы не стоят рядом? в) В
левом нижнем углу таблицы $4 \times 6$ сидит лягушка, которая может прыгать на одну клетку вверх или на
одну клетку вправо, но теперь она не может прыгать вверх два раза подряд. Сколькими способами она
может добраться до правой верхней клетки?"						комбинаторика, , 
Павел Живцов	71	2018.0	комбинаторика	"За круглым столом сидит 12 человек, причем все соседи друг другу сильно надоели.
Сколькими способами можно выбрать пятерых людей так, чтобы среди них не было соседей?"						комбинаторика, , 
ЗМШ	30	2012.0	комбинаторика	"Лунтик защитил свой ноутбук паролем из своих инициалов: «Л», «А» и «В» в
каком-то порядке. Но, спустя время, забыл, в каком именно. Сколько паролей
придется перебрать Лунтику, чтобы включить ноутбук?"						комбинаторика, , 
ЗМШ	30	2012.0	комбинаторика	"В меню «Шоколадницы» есть 4 вида блинчиков и 3 различных молочных коктейля.
Сколькими способами сможете выбрать «Блинчики + коктейль»?"						комбинаторика, , 
ЗМШ	30	2012.0	комбинаторика	"В вазе лежат 5 шоколадок с разными начинками и 7 мармеладок (всех цветов
радуги). Но можно выбрать только одну сладость. Сколько способов у вас есть? А
если можно выбрать одну шоколадку И одну мармеладку?"						комбинаторика, , 
ЗМШ	30	2012.0	комбинаторика	А сколько способов есть выбрать 4 шоколадки из этих 5?						комбинаторика, , 
ЗМШ	30	2012.0	комбинаторика	Сколько различых чисел можно составить из цифр 1, 2, 3? А из 0, 1, 2?						комбинаторика, , 
ЗМШ	30	2012.0	комбинаторика	"У Мальвины есть красное, желтое и синее блюдце, а также белая, зеленая,
оранжевая и фиолетовая чашки. Сколькими способами Мальвина может составить
пару в подарок Буратино?"						комбинаторика, , 
ЗМШ	30	2012.0	комбинаторика	"Немного подумав, Мальвина решила добавить к набору еще и ложечку. Но никак не
может выбрать, какую из трех. Сколькими теперь способами Мальвина может
составить чайный набор «чашка-блюдце-ложка»?"						комбинаторика, , 
ЗМШ	30	2012.0	комбинаторика	"Вася решил заказать пиццу. У повара есть 4 начинки: грибы, ветчина, сыр, овощная
смесь. Пицца может быть без начинки, с одной, с двумя, с тремя или со всеми
начинками. Вася не мог выбрать, поэтому попросил приготовить все возможные
варианты пиццы. Сколько пицц ему привезут?"						комбинаторика, , 
Ирина Шпаковская	30	2017.0	комбинаторика	Государство Эндора расположено в Южной Америке, но никто не знает точно, где. Говорят, что оно либо на востоке, либо на западе, либо в горах, либо в долине  либо у моря, либо на реке. Сколько различных мнений можно услышать?						комбинаторика, , 
Ирина Шпаковская	30	2017.0	комбинаторика	"а) В чайном магазине «Лорд Эндорий» есть 5 разных чашек и 3 разных блюдца. Сколькими способами можно купить чашку с блюдцем?
б) В магазин «Лорд Эндорий» привезли 4 разных вида чайных ложек. Сколькими способами теперь можно купить комплект из чашки, блюдца и ложечки?"						комбинаторика, , 
Ирина Шпаковская	30	2017.0	комбинаторика	"а) Флаг королевства Эндора состоит из трех горизонтальных полос – зеленой, синей и красной, но никто не знает, в каком порядке идут полосы. Сколько разных флагов можно составить?
б) Флаг Новой Эндоры (переименована после прихода к власти Васисуалия III) состоит из четырех полос – зеленой, синей, красной и желтой. Сколько теперь вариантов флага есть?
в) Флаг Старой Эндоры (тогда она была княжеством) состоит из тех же полос, что и флаг Эндоры, но в центре одной из полос – герб. Сколько различных староэндорских флагов можно составить? "						комбинаторика, , 
Ирина Шпаковская	30	2017.0	комбинаторика	"В секретной шпионской организации «Рассвет Эндоры» каждый агент имеет номер, состоящий из буквы английского алфавита и цифры. 
а) Когда организация только начинала свое существование, в названиях участвовали цифры от 1 до 4 и буквы от A до D. Сколько было агентов в организации с самого начала?
б) Сейчас в организации используются цифры от 1 до 7 и буквы от A до L. Сколько сейчас агентов в организации?"						комбинаторика, , 
Ирина Шпаковская	30	2017.0	комбинаторика	"Для того, чтобы стать министром при дворе короля Васисуалия III, нужно ответить на три вопроса. Помогите Лорду Эндорию стать министром.
а) Сколько всего трехзначных чисел?
б) А сколько всего трехзначных чисел, все цифры которых четные?
в) А трехзначных чисел, в которых первая цифра нечетная, вторая четная, а третья – делится на 3?"						комбинаторика, , 
Ирина Шпаковская	30	2017.0	комбинаторика	"а) Сколько способов можно выбрать из кабинета министров, в котором 25 человек, председателя?
б) А сколько способов выбрать двух секретарей?
в) А председателя и его заместителя? 
Король Эндоры Васисуалий III приказал придумать новые слова. Король очень любит буквы Й, О, С и Г."						комбинаторика, , 
Ирина Шпаковская	30	2017.0	комбинаторика	"а) Сколько трехбуквенных слов можно составить из этих букв без повторений?
б) А если буквы в слове повторять можно?
в) А слов из 4 букв?"						комбинаторика, , 
Ирина Шпаковская	30	2017.0	комбинаторика	"Сумасшедший король Эндоры Васисуалий III боится отравления и потому обедает по таким правилам: Каждый день он заказывает в кафе некий набор блюд, причем каждый день набор разный (он отличается по составу и количеству). После того, как все наборы заканчиваются, Васисуалий больше никогда в кафе не приходит.
а) Сколько дней Васисуалий ел в кафе «Одуванчик», если в нем только 3 блюда?
б) Сколько дней Васисуалий кушал в кафе «Ромашка», если в нем 10 блюд?
в) А сколько раз ресторан «Розовый сад» принимал у себя короля, если в нем целых 100 блюд?"						комбинаторика, , 
Елена Фадеева	50	2017.0	комбинаторика	Монету бросают трижды. Сколько различных последовательностей орлов и решек может при этом получиться?						комбинаторика, , 
Елена Фадеева	50	2017.0	комбинаторика	Игральный кубик бросают дважды. Сколько различных последовательностей точек может при этом получиться? А сколько разных сумм точек? А если кубик бросают трижды?						комбинаторика, , 
Елена Фадеева	50	2017.0	комбинаторика	Алфавит племени Амбо-Умбо состоит из букв А и У. Словом считается любая последовательность, состоящая не более, чем из 5 букв. Сколько слов в словаре Амбо-Умбо? 						комбинаторика, , 
Елена Фадеева	50	2017.0	комбинаторика	Алфавит племени Амбо-Умбо состоит из 3 букв – А, У и М. Словом считается любая последовательность, состоящая не более, чем из 4 букв. Сколько слов в словаре Амбо-Умбо? А если первая и последняя буква в слове должны быть одинаковыми?						комбинаторика, , 
Елена Фадеева	50	2017.0	комбинаторика	В классе 15 человек. Сколькими способами можно выбрать а) одного человека на конкурс стихов и одного на конкурс песен  б) двоих человек на олимпиаду по математике?						комбинаторика, , 
Елена Фадеева	50	2017.0	комбинаторика	В классе 15 человек. Сколькими способами можно выбрать 3 человек на олимпиаду по русскому языку? А 4 человек в школьный совет?						комбинаторика, , 
Елена Фадеева	50	2017.0	комбинаторика	У Коли есть 4 машинки разных цветов. Сколькими способами он может выстроить их в ряд?						комбинаторика, , 
Елена Фадеева	50	2017.0	комбинаторика	Сколько существует пятизначных чисел, в записи которых встречаются только нечетные цифры, причем каждая цифра встречается ровно один раз?						комбинаторика, , 
Елена Фадеева	50	2017.0	комбинаторика	Каких трехзначных чисел больше — тех, в записи которых есть цифра 1, или тех, в записи которых ее нет? А пятизначных? А семизначных?						комбинаторика, , 
Елена Фадеева	50	2017.0	комбинаторика	Сколько существует шестизначных чисел, у которых каждая следующая цифра меньше предыдущей?						комбинаторика, , 
Елена Фадеева	50	2017.0	комбинаторика	Флаг государства Х  состоит из 3 полос (неизвестно, вертикальных или горизонтальных), и на одной из полос изображена крепость. Сколько вариантов флага может быть, если известно, что одна из полос фиолетовая, одна синяя и одна голубая?						комбинаторика, , 
Елена Фадеева	50	2017.0	комбинаторика	В магазине продаются красные, синие, зеленые и желтые шарики. Сколькими способами можно купить 6 шариков, если среди них обязательно должны встретиться все четыре цвета?						комбинаторика, , 
Елена Фадеева	50	2017.0	комбинаторика	Сколько костей в наборе домино? А сколько было бы костей, если бы на них было от 0 до 10 точек?						комбинаторика, , 
Елена Фадеева	50	2017.0	комбинаторика	У Светы 6 игрушек, и каждый день она носит одну или несколько из них с собой в детский сад, причем хочет, чтобы наборы не повторялись. На сколько дней ей хватит игрушек?						комбинаторика, , 
Елена Фадеева	50	2017.0	комбинаторика	В следующих задачах у Коли есть набор машинок некоторых цветов. Нужно посчитать, сколькими способами он может выстроить их в ряд. К – краcный цвет, С – синий, Ж – желтый, З – зеленый. 1)ККСЗ   2)КККСЗ   3)КСЗЖЖ   4)КЖЖЖ  5)ККЗЗЖ						комбинаторика, , 
арт	20	2012.0	комбинаторика	Мария сделала уроки и подумала: «Ну, теперь отдохну – сначала почитаю книгу, потом порисую, а потом посмотрю мультики. Или нет -  сначала мультики, потом …». Скажите, сколько вариантов её программы отдыха, возможно.   						комбинаторика, , 
арт	20	2012.0	комбинаторика	Жители одной деревни красят двери, стены и крыши своих домов. У них имеется только синяя, зелёная  и красная краски.  Каждый житель не применяет одну и туже краску дважды, то есть не может быть так, чтобы  например дверь и крыша были одного цвета. Оказалось, что все домики в деревне имеют разную раскраску. Какое наибольшее число домов  в деревне? 						комбинаторика, , 
арт	20	2012.0	комбинаторика	Незнайка решил стать фотографом. В своей студии он поставил скамеечку, стул, и кресло. И пригласил Лилию, Гуньку и Пёстренького. Сколько различных фотографий сделал Незнайка,  рассаживая друзей по различным местам?  						комбинаторика, , 
арт	20	2012.0	комбинаторика	Из города А в город Б ведут три дороги. Из города Б в город В тоже три дороги. Сколько различных маршрутов из города А в город В через город Б?						комбинаторика, , 
арт	20	2012.0	комбинаторика	У Марии три часа на отдых. Она планирует: «Час читаю книгу, потом час рисую и потом час смотрю мультики. Хотя нет, книга интересная, и я  сначала два часа читаю книгу, а потом час – мультики. Или нет….». Сколько вариантов её программы отдыха, возможно?						комбинаторика, , 
арт	20	2012.0	комбинаторика	"Страшила став правителем  Изумрудного города обнаружил во дворце потайную дверь, запертую на три замка. Три ключа висели на гвоздике рядом. Страшила не знает, какие из трех замков заперты, а какие открыты. Повернув ключ в замочной скважине, он, может быть, отпирает замок, а может быть, наоборот запирает. 
Повернув наудачу выбранный ключ, Страшила, может сразу откроет дверь, а может это произойдёт после второго, третьего поворота или иного по счёту поворота. Какое наибольшее количество поворотов ключей придётся сделать, прежде, чем дверь откроется? Примечание: Страшила разумный , и поэтому стремится сделать наименьшее число поворотов ключей."						комбинаторика, , 
арт	20	2012.0	комбинаторика	   Из десяти учеников надо выбрать одного дежурного. Сколькими способами это можно сделать?						комбинаторика, , 
арт	20	2012.0	комбинаторика	   Из десяти учеников надо выбрать двух дежурных. Сколькими способами это можно сделать?						комбинаторика, , 
арт	20	2012.0	комбинаторика	   Из десяти учеников надо выбрать одного дежурного и одного ответственного за мел . Сколькими способами это можно сделать?						комбинаторика, , 
ЗМШ	30	2013.0	комбинаторика	У Максима есть пять конфет разной вкусности. Он хочет съесть две конфеты, но есть их можно только по возрастанию вкусности, то есть после съедения какой-нибудь конфеты нельзя съедать конфету меньшей вкусности. Опишите все способы это сделать, которые есть у Максима, составив дерево вариантов. Сколько получилось способов? Та же задача, но Максим хочет съесть три конфеты.						комбинаторика, , 
ЗМШ	30	2013.0	комбинаторика	"Имеется 4 вида конвертов без марок и 3 вида марок одного достоинства. Перечислите все способы
выбрать конверт с маркой для посылки письма. Сколько их?"						комбинаторика, , 
ЗМШ	30	2013.0	комбинаторика	"Монету бросают 3 раза. Перечислите все последовательности орлов и решек, которые можно при
этом получить. Сколько их?"						комбинаторика, , 
ЗМШ	30	2013.0	комбинаторика	"Иногда Андрей прогуливает школу в такие дни он не приходит вообще ни на один урок. Но два
дня подряд Андрей прогуливать не хочет. Сколькими способами Андрей может выбрать, прогуливать ли
школу и в какие дни, если всего дней три? Опишите все способы это сделать, составив дерево вариантов. А если дней четыре?"						комбинаторика, , 
ЗМШ	30	2013.0	комбинаторика	Сколькими способами можно поставить в ряд трех ребят?						комбинаторика, , 
ЗМШ	30	2013.0	комбинаторика	Сколькими способами можно переставить буквы в слове КВАС?						комбинаторика, , 
ЗМШ	31	2013.0	комбинаторика	"На вершину горы ведут 4 дороги. Сколькими способами турист может подняться на гору и спуститься с нее? Перечислите все способы. Сколько их? То же самое при условии1 что спуск и подъем происходят по разным путям. Перечислите все способы.
Сколько их?"						комбинаторика, , 
ЗМШ	31	2013.0	комбинаторика	Сколькими способами можно указать на шахматной доске два квадрата - черный и белый?						комбинаторика, , 
ЗМШ	31	2013.0	комбинаторика	"В магазине продают 5 сортов шоколадных конфет1 4 сорта мармелада и З сорта леденцов. Сколькими
способами можно приобести три конфеты разных типов? А две
конфеты разных типов?"						комбинаторика, , 
ЗМШ	31	2013.0	комбинаторика	Алфавит племени Мумбо-Юмбо состоит из трех букв А1 Б и В. Словом является любая последовательность1 состоящая ровно из 4 букв. Сколько слов в языке племени Мумбо-Юмбо?						комбинаторика, , 
ЗМШ	31	2013.0	комбинаторика	Монету бросают 10 раз. Сколько последовательностей орлов и решек можно при этом получить?						комбинаторика, , 
ЗМШ	31	2013.0	комбинаторика	"Сколькими способами можно выбрать из полной колоды карт (52 карты) по одной карте каждой
Масти?"						комбинаторика, , 
ЗМШ	31	2013.0	комбинаторика	"У людоеда есть восемь пленников. Сколькими способами он может составить себе меню на день -
Завтрак, обед и ужин? За один прием пищи съедается ровно один пленник."						комбинаторика, , 
ЗМШ	31	2013.0	комбинаторика	Сколькими способами можно поставить в ряд 10 ребят?						комбинаторика, , 
ЗМШ	31	2013.0	комбинаторика	Сколькими способами можно выбрать из 10 ребят четырех и поставить их в ряд?						комбинаторика, , 
ЗМШ	31	2013.0	комбинаторика	На железнодорожной станции имеется 9 светофоров. Сколько может быть дано различных сигналов, если каждый светофор имеет три состояния: красный1 желтый и зеленый?						комбинаторика, , 
ЗМШ	31	2013.0	комбинаторика	"Надо послать 6 срочных писем. Сколькими способами это можно сделать, если для передачи писем
можно послать трех курьеров и каждое письмо можно дать любому из курьеров?"						комбинаторика, , 
ЗМШ	31	2013.0	комбинаторика	"Сколько можно составить пятибуквенных слов из букв алфавита русского языка? Слова здесь -
это просто последовательности букв, необязательно осмысленные."						комбинаторика, , 
ЗМШ	31	2013.0	комбинаторика	"Как известно, компьютер работает с двоичными кодами, которые представляют собой записи,
составленные из нулей и единиц (например, 11001011). Количество знаков в коде называется его длиной.
Сколько разных символов можно закодировать двоичными кодами длины 5? Длины 10? Длины n?"						комбинаторика, , 
ЗМШ	31	2013.0	комбинаторика	"Сигнальное устройство состоит из пяти одноцветных лампочек, расположенных в ряд. Сколько
различных сигналов можно подать с его помощью? А сколько, самое меньшее, надо взять лампочек, чтобы
можно было подать 200 различных сигналов?"						комбинаторика, , 
ЗМШ	31	2013.0	комбинаторика	"Имеется 10 различных книг. Сколькими различными способами можно выбрать из них одну или
несколько книг для подарка?"						комбинаторика, , 
ЗМШ	31	2013.0	комбинаторика	"Сколькими способами можно выбрать из 15 человек группу людей для работы? (В группу должно
входить не менее двух человек)"						комбинаторика, , 
ЗМШ	31	2013.0	комбинаторика	"В команде из 6 человек нужно выбрать капитана и помощника. Сколько существует способов это
Сделать?"						комбинаторика, , 
ЗМШ	31	2013.0	комбинаторика	Сколькими способами можно выбрать 6 фруктов из 7 разных фруктов?						комбинаторика, , 
ЗМШ	31	2013.0	комбинаторика	Сколько существует шестизначных чисел, в записи которых нет четных цифр?						комбинаторика, , 
ЗМШ	31	2013.0	комбинаторика	Сколько существует шестизначных чисел, в записи которых хотя бы одна четная цифра?						комбинаторика, , 
ЗМШ	31	2013.0	комбинаторика	Имеется 10 лампочек. Сколько есть способов зажечь нечетное число из этих лампочек?						комбинаторика, , 
ЗМШ	31	2013.0	комбинаторика	Сколько существует 4-значных чисел, сумма цифр которых четна?						комбинаторика, , 
ЗМШ	31	2013.0	комбинаторика	"Сколькими способами можно расставить 8 ладей на шахматную доску, чтобы они не били друг
Друга?"						комбинаторика, , 
ЗМШ	31	2013.0	комбинаторика	"Сколькими способами можно переставить буквы в слове ПРОБЛЕСК так, чтобы буква П шла непо-
средственно после буквы О?"	буквы					комбинаторика, буквы, 
ЗМШ	31	2013.0	комбинаторика	Выписаны всевозможные строки из нулей и единиц длины 8. Сколько всего выписано единиц?						комбинаторика, , 
ЗМШ	31	2013.0	комбинаторика	"Ладья стоит на левом поле клетчатой полоски 1 на 30 и за ход может сдвинуться на любое количество
клеток вправо. Сколькими способами она может добраться до крайнего правого поля?"	шахматы					комбинаторика, шахматы, 
Нина	20	2013.0	комбинаторика	Сколькими способами можно расставить двух  белых ферзей на шахматную доску, чтобы они не били друг друга?						комбинаторика, , 
Нина	20	2013.0	комбинаторика	Сколькими способами можно расставить белого и черного ферзей на шахматную доску, чтобы они не били друг друга?						комбинаторика, , 
Нина	20	2013.0	комбинаторика	В ленту длиной десять клеток вписывают числа от 1 до 10. При чем каждое следующее приписывают только рядом с уже существующим числом. Сколько способов заполнить таблицу существует?						комбинаторика, , 
Нина	20	2013.0	комбинаторика	Сколько существует способов поставить белого и черного ферзя на шахматную доску?						комбинаторика, , 
Нина	20	2013.0	комбинаторика	Сколько существует способов поставить двух черных ферзей на доску?						комбинаторика, , 
Нина	20	2013.0	комбинаторика	На  ленте 1 на 100 на каждом шаге можно идти вдоль горизонтальной  части клетки или вдоль вертикальной. Сколько существует способов дойти от одного края до другого?						комбинаторика, , 
ЗМШ	32	2013.0	комбинаторика	"Сколько различных слов можно получить, переставляя буквы в слове
а) ААХАА?
б) КААМА?
в) КЛМАА?
г) ГААГА?
д) СЛОВО?
е) МОЛОКО?
ј) КАРКАС?
ж) МАТЕМАТИКА?"	слова					комбинаторика, слова, 
ЗМШ	32	2013.0	комбинаторика	"а) В команде из 5 человек нужно выбрать капитана и его заместителя. Сколько есть способов это
сделать?
б) То же, но нужно выбрать двух капитанов.
в) То же, но нужно выбрать капитана, старшего помощника и младшего помощника.
г) То же, но нужно выбрать капитана и двух его помощников.
д) То же, но нужно выбрать трјх капитанов."						комбинаторика, , 
ЗМШ	32	2013.0	комбинаторика	"Сколькими способами можно поставить на шахматную доску
а) черную и белую ладьи; б) две белых ладьи так, чтобы они не били друг друга?"	шахматы					комбинаторика, шахматы, 
ЗМШ	41	2013.0	комбинаторика	Какое наибольшее количество двузначных чисел можно взять, чтобы сумма никаких двух из них не равнялась 100?						комбинаторика, , 
ЗМШ	41	2013.0	комбинаторика	Дано 11 различных натуральных чисел, не больших 20. Докажите, что из них всегда можно выбрать два, одно из которых делится на другое.						комбинаторика, , 
ЗМШ	41	2013.0	комбинаторика	Какое наибольшее количество а) ладей; б) королей; в) коней; г) слонов можно поставить на шахматной доске так, чтобы никакие две фигуры друг друга не били?						комбинаторика, , 
ЗМШ	41	2013.0	комбинаторика	Можно ли в клетки таблички 6 на 7 вписать 20 крестиков и 22 нолика так, чтобы в каждом квадрате 2 на 2 и в каждом прямоугольнике 1 на 4 стояло хотя бы два крестика?						комбинаторика, , 
ЗМШ гость	30	2017.0	логика	В забеге шести спортсменов Андрей отстал от Бориса и еще от двух спортсменов. Виктор финишировал после Дмитрия, но ранее Геннадия. Дмитрий опередил Бориса, но все же пришел после Евгения. Какое место занял каждый спортсмен?	таблицы					логика, таблицы, 
ЗМШ гость	30	2017.0	логика	В забеге шести спортсменов Андрей отстал от Бориса и еще от двух спортсменов. Виктор финишировал после Дмитрия, но ранее Геннадия. Дмитрий опередил Бориса, но все же пришел после Евгения. Какое место занял каждый спортсмен?	таблицы					логика, таблицы, 
ЗМШ гость	30	2017.0	логика	Пять первоклассников стояли в шеренгу и держали 37 флажков. У всех справа от Таты  — 14 флажков, справа от Яши  — 32, справа от Веры  — 20, справа от Максима  — 8. Сколько флажков у Даши?	таблицы					логика, таблицы, 
ЗМШ гость	30	2017.0	логика	В чашке, стакане, кувшине и банке находятся молоко, лимонад, квас и вода. Известно, что вода и молоко не в чашке; сосуд с лимонадом стоит между кувшином и сосудом с квасом; в банке не лимонад и не вода; стакан стоит около банки и сосуда с молоком. В какой сосуд налита каждая из жидкостей?	таблицы					логика, таблицы, 
ЗМШ гость	30	2017.0	логика	На одном заводе работают 3 друга: токарь, сварщик и слесарь. Их фамилии Иванов, Петров и Сидоров. У слесаря нет ни братьев ни сестёр. Он - самый младший из друзей. Сидоров, женатый на сестре Петрова, старше токаря. Назовите профессии каждого из друзей.	таблицы					логика, таблицы, 
ЗМШ гость	30	2017.0	логика	В корзине лежат 30 грибов. Среди любых 12 из них имеется хотя бы один рыжик, а среди любых 20 грибов — хотя бы один груздь. Сколько рыжиков и сколько груздей в корзине?	таблицы					логика, таблицы, 
ЗМШ гость	30	2017.0	логика	На лужайке босоногих мальчиков столько же, сколько обутых девочек. Кого на лужайке больше, девочек или босоногих детей?	таблицы					логика, таблицы, 
ЗМШ гость	40	2017.0	логика	"Познакомимся с тремя людьми: Алешиным, Беляевым и Белкиным. Один из них – архитектор, другой – бухгалтер, третий – археолог. Один живет в Белгороде, другой – в Брянске, третий в Астрахани. Требуется узнать, кто где живет и у кого какая профессия.
1) Белкин бывает в Белгороде лишь наездами и то весьма редко, хотя все его родственники постоянно живут в этом городе.
2) У двух из этих людей названия профессий и городов, в которых они живут, начинаются с той же буквы, что и их фамилии.
3) Жена архитектора доводится Белкину младшей сестрой."	таблицы					логика, таблицы, 
ЗМШ гость	40	2017.0	логика	В чашке, стакане, кувшине и банке находятся молоко, лимонад, квас и вода. Известно, что вода и молоко не в чашке; сосуд с лимонадом стоит между кувшином и сосудом с квасом; в банке не лимонад и не вода; стакан стоит около банки и сосуда с молоком. В какой сосуд налита каждая из жидкостей?	таблицы					логика, таблицы, 
ЗМШ гость	40	2017.0	логика	"Три сестры: Полина, Саша и Арина. Они приехали из деревни в большой город учиться. Одна сестра стала строителем, одна архитектором, а третья поваром. Позже все сестры вышли замуж. Одного мужа звали господин Адамсон, второго просто Педро, а третьего величали доктором Смитом.
Ни у кого в семьях не совпали первые буквы профессии, имени мужа и жены. (то есть Саша не стала строителем и ее муж не Смит). Как зовут жену доктора, если жена Педро не строитель?"	таблицы					логика, таблицы, 
ЗМШ гость	40	2017.0	логика	Однажды на отдыхе за круглым столом оказались пятеро ребят родом из Москвы, Санкт-Петербурга, Новгорода, Перми и Томска: Юра, Толя, Алеша, Коля и Витя. Москвич сидел между томичом и Витей, санкт-петербуржец - между Юрой и Толей, а напротив него сидели пермяк и Алеша. Коля никогда не был в Санкт-Петербурге, а Юра не бывал в Москве и Томске, а томич с Толей регулярно переписываются. Определите, в каком городе живет каждый из ребят.	таблицы					логика, таблицы, 
ЗМШ гость	40	2017.0	логика	"Джон, Дик и Роджер - цирковые клоуны. Во время отпуска они зарабатывают, как могут - каждый из них владеет двумя профессиями из шести: писатель, трубач, водитель грузовика, игрок в гольф, парикмахер, инженер. Сможете ли вы определить, кто какими профессиями владеет, если:
Водитель грузовика ухаживает за сестрой игрока в гольф.
Трубач и инженер посещают школу верховой езды вместе с Джоном.
Водитель грузовика насмехается над длинными ногами трубача.
Дик получил от инженера в подарок коробку шоколадных конфет.
Игрок в гольф купил подержанную машину у писателя.
Роджер съедает пиццу быстрее, чем Дик и игрок в гольф."	таблицы					логика, таблицы, 
ЗМШ гость	41	2017.0	логика	На столе лежат в ряд фигуры: треугольник, ромб, круг и квадрат. Цвета этих фигур - зеленый, чёрный, синий, красный. Фигура красного цвета лежит между зеленой и синей, справа от чёрной фигуры лежит ромб, круг лежит правее треугольника и ромба, причем треугольник лежит не с краю и, наконец, фигура синего цвета не лежит рядом с фигурой чёрного цвета. Какого цвета круг?	таблицы					логика, таблицы, 
ЗМШ гость	41	2017.0	логика	"Когда через реку имени королевы Рейчел был построен мост, она решила взимать плату за проход по нему. Каждый человек, проходивший по мосту, должен был платить 0,05 от цены своих ботинок! Так, если туфли стоили 1 доллар, их владелец должен был заплатить пять центов в качестве пошлины. Использую данную ниже информацию, выясните: кто сколько был вынужден заплатить, проходя по мосту королевы, и какого цвета были туфли пешеходов.
1. Ботинки Курта не зеленого цвета. Туфли, стоящие 3,60$, тоже имеют другой цвет.
2. Человек в голубых ботинках должен заплатить пошлину в 36 центов.
3. Табер заплатил больше Синди, и ни у одного из них не было черных ботинок.
4. Человек, чьи туфли стоят 3,60$, не Калеб.
5. Тот, чьи ботинки не зеленые и не красные, заплатил 18 центов.
6. Владелец красных ботинок заплатил пошлину в 14 центов.
7. Калеб заплатил 24 цента.
8. Человек в белых ботинках заплатил 38 центов.
9. Туфли Синди голубого цвета.
Имена людей: Никита, Синди, Курт, Табер, Калеб.
Цвета ботинок: красный, зеленый, голубой, белый, черный.
Стоимость ботинок: 2,80$, 3,60$, 4,80$, 7,20$, 7,60$"	таблицы					логика, таблицы, 
ЗМШ гость	41	2017.0	логика	"Зараза, Заноза, Зубило и Зубрила учатся в группах орки, гоблины, тролли и кобольды. Они же владеют разным оружием: топор, кистень, моргенштерн и алебарда, но каждый только одним.
Известно:
Зараза не кобольд и не гоблин, и не владеет ни моргенштерном, ни топором.
Тролль машется алебардой.
Зубило не кобольд, зато у него есть кистень.
Заноза не владеет топором, а еще он не кобольд и не гоблин.
Тот, кто машется моргенштерном, не гоблин.
Кого как зовут и каким оружием он владеет?"	таблицы					логика, таблицы, 
ЗМШ гость	41	2017.0	логика	"Однажды три ученика из группы эльфов (Варя, Миша и Люба) встретила трех учеников из других групп: хоббита, гнома и джина. Оказалось, что у них такие же имена, что и у эльфов. Кроме того, выяснилось, что:
1) Эльф Варя учится в школе №1234. 2) не-эльф Люба обыграла джина в завалинку. 3) Эльф, который учится в одной школе с гномом, нарешал задач ровно в три раза больше гнома.
4) гном живет учится в школе №1342
5) Эльф, который является тезкой гнома, учится в школе №4321.
6) Эльф Миша нарешал 47 задач за время смены
Как зовут хоббита?"	таблицы					логика, таблицы, 
ЗМШ гость	41	2017.0	логика	"Артем, Саша и Женя – ученики школы 3х3. Каждый из имеет два хобби из шести: танцы, пение, коллекционирование бабочек, волейбол, кулинария и авиамоделирование. Сможете ли вы определить, кто какими профессиями владеет, если:
  Коллекционер знаком с сестрой волейболиста.
  Певец и авиамоделист оказались в одной учебной группе вместе с Артемом.
 Коллекционер обыграл певца в замес.
 Саша ходит с авиамоделистом в одну школу.
 Волейболист живет в соседней комнате с танцором.
 Женя может стоять на руках дольше, чем Саша и волейболист"	таблицы					логика, таблицы, 
ЗМШ гость	41	2017.0	логика	"Перед Вами пять коробочек: белая, черная, красная, синяя и зелёная. Также есть по два шарика для каждого из цветов. В каждой коробочке лежит по два шарика, причём цвета коробочки и шариков могут не совпадать. Также известно, что:
1. Ни один шарик не лежит в коробочке того же цвета, что и он сам;
2. В красной коробочке нет синих шариков;
3. В коробочке нейтрального цвета (то есть белого или чёрного) лежит один красный и один зелёный шарик;
4. В чёрной коробочке лежат шарики холодных тонов (зелёный и синий цвета);
5. В одной из коробочек лежат один белый и один синий шарик;
6. В синей коробочки находится один чёрный шарик.
Какого цвета шарики лежат в каждой коробочке? "	таблицы					логика, таблицы, 
ЗМШ гость	41	2017.0	логика	"Марина, Лариса, Жанна и Катя умеют играть на разных инструментах (рояле, арфе, гитаре, скрипке), но каждая только на одном. Они же знают иностранные языки (английский, французский, немецкий, испанский), но каждая только один.
Известно:
Девушка, которая играет на гитаре, говорит по-испански.
Лариса не играет ни на скрипке, ни на арфе и не знает английского языка.
Марина не играет ни на скрипке, ни на арфе и не знает ни немецкого, ни английского языка.
Девушка, которая говорит по-немецки, не играет на арфе.
Жанна знает французский язык, но не играет на скрипке.
Кто на каком инструменте играет? Кто какой знает язык?"	таблицы					логика, таблицы, 
ЗМШ гость	41	2017.0	логика	"Однажды три профессора (профессор Белов, профессор Петров и профессор Сидоров) сидели в небольшом кафе и разговорились с местным персоналом. Оказалось, что бармен, официант и повар - однофамильцы профессоров (будем их называть просто Белов, Петров и Сидоров без титула). Кроме того, выяснилось, что:
1) Профессор Белов живет на проспекте Культуры.
2) Профессор, который является однофамильцем официанта, живет на Рижской улице.
3) Зарплата проф. Петрова - 55 тысяч.
4) Официант живет на улице Заречной.
5) Сидоров на прошлой неделе обыграл повара в карты.
6) Зарплата профессора, который живет в одном доме с официантом, ровно в три раза больше зарплаты официанта.
Как зовут бармена?"	таблицы					логика, таблицы, 
ЗМШ гость	41	2017.0	логика	В Берлине жили четыре мальчика, с именами Дитрих, Альберт, Карл и Фридрих. Фамилии у детей такие же, что и имена, только так, что ни у кого из них фамилия и имя не были одинаковыми, кроме того, фамилия Дитриха не Альберт. Определите фамилию и имя каждого мальчика, если известно, что имя мальчика, у которого фамилия Фридрих, это фамилия того мальчика, имя которого - фамилия Карла.	таблицы					логика, таблицы, 
Ираклий Гагуа	42	2010.0	логика	На одном судебном процессе было трое подсудимых: Соня, Мартовский Заяц и Болванщик. Каждый из них обвинял одного из двух остальных. Правду сказала только Соня. Если бы каждый обвинял не того, кого он обвинял, а другого, то Болванщик был бы единственным, кто сказал правду. Кто виноват?						логика, , 
Ираклий Гагуа	42	2010.0	логика	На втором судебном процессе с теми же подсудимыми Заяц обвинял Болванщика. Показания остальных были утеряны. В ходе расследования выяснилось, что только один из подсудимых сказал правду, причём именно он и был виновен. Кто был виноват?						логика, , 
Ираклий Гагуа	42	2010.0	логика	Кого больше: шахматистов, кроме тех шахматистов, которые не математики, или математиков, кроме тех математиков, которые не шахматисты?						логика, , 
Ираклий Гагуа	42	2010.0	логика	Лучший шахматист среди математиков и лучший математик среди шахматистов – обязательно ли это один и тот же человек?						логика, , 
Ираклий Гагуа	42	2010.0	логика	Старейший математик среди шахматистов и старейший шахматист среди математиков – обязательно ли это один и тот же человек?						логика, , 
Ираклий Гагуа	42	2010.0	логика	В вазе 10 цветов. Известно, что 1) хотя бы один из цветов в синий; 2) среди любых двух цветов найдется красный. Сколько в вазе красных цветов?						логика, , 
Ираклий Гагуа	43	2010.0	логика	"Встретились как-то два островитянина и первый сказал второму: ""Мы оба лжецы"". Кто первый и кто второй?"						логика, , 
Ираклий Гагуа	43	2010.0	логика	"В другой раз встретились другие два жителя острова, и первый сказал второму: ""Среди нас есть рыцарь"". Кто первый и кто второй?"						логика, , 
Ираклий Гагуа	43	2010.0	логика	"За круглым столом сидят 10 человек. Требуется установить (в задачах а-ж), сколько рыцарей и сколько лжецов может быть за столом, если каждый из них произносит одну и ту же фразу:
	(а) «Мой сосед справа – рыцарь».
	(б) «Мой сосед справа – лжец».
	(в) «Оба моих соседа – рыцари».
	(г*) «Оба моих соседа – лжецы».
	(д) «Хотя бы один из моих соседей – рыцарь».
	(е*) «Хотя бы один из моих соседей – лжец».
	(ж) «Мои соседи – лжец и рыцарь»."						логика, , 
Ираклий Гагуа	43	2010.0	логика	"В комнате собрались 10 жителей острова. Первый сказал: ""Тут ровно один рыцарь"". Второй сказал: ""Тут ровно два рыцаря"". И так далее. Десятый сказал: ""Тут ровно десять рыцарей"". Сколько рыцарей могло быть среди них?"						логика, , 
Ираклий Гагуа	43	2010.0	логика	В комнате находятся 12 жителей острова Орил. Один из них сказал: “Здесь нет ни одного рыцаря”, второй: “Здесь не более одного рыцаря”, третий: “Здесь не более двух рыцарей” и т.д., двенадцатый: “Здесь не более одиннадцати рыцарей”. Сколько в комнате рыцарей?						логика, , 
Ираклий Гагуа	43	2010.0	логика	За круглым столом сидят 2016 человек (лжецы и рыцари).  Каждый из сидящих за столом произнес: «Напротив меня сидит лжец». Сколько лжецов за столом?						логика, , 
Дмитрий	70	2011.0	логика	"Жанна загадала названия двух дней недели на бук­ву ""п"", причем известно, что один из загаданных ею дней не понедельник. Что за дни недели загада­ла Жанна?"	и и или					логика, и и или, 
Дмитрий	70	2011.0	логика	Есть три карандаша разного цвета и разного разме­ра. Верно ли, что найдутся карандаши разные по цвету и по размеру?	и и или					логика, и и или, 
Дмитрий	70	2011.0	логика	В некоторых клетках квадрата 15 на 15 расставле­ны звездочки. Обязательно ли существует столбец, в котором нечетное число звездочек или строка, в ко­торой четное число звездочек?	и и или					логика, и и или, 
Дмитрий	70	2011.0	логика	В магазин привезли платья двух цветов и двух фа­сонов. Всегда ли можно выбрать для витрины 2 платья, чтобы были представлены все цвета и все фасоны?	и и или					логика, и и или, 
Дмитрий	70	2011.0	логика	В магазин привезли платья трех цветов и трех фа­сонов. Всегда ли можно выбрать для витрины 3 платья, чтобы были представлены все цвета и все фасоны?	и и или					логика, и и или, 
Дмитрий	70	2011.0	логика	"Найдите наименьшее трехзначное число, для кото­рого  выполняется утверждение:
а) ""В этом числе есть двойка и тройка"".
б) ""В этом числе есть семерка или шестерка"".
в) ""В этом числе нет восьмерки и нет девятки"".
г) ""В этом числе нет пятерки или нет нуля"".
А теперь наибольшее."	и и или					логика, и и или, 
Дмитрий Трущин	51	2013.0	логика	"Давным давно островитянин Дерб сказал своим друзьям:
— Вчера мой сосед заявил мне, что он лжец!
Кем является Дерб — рыцарем или лжецом?"	рыцари					логика, рыцари, 
Дмитрий Трущин	51	2013.0	логика	"Однажды 2013 островитян собрались на митинг. «Среди нас ровно один лжец,» —
сообщил первый. «Среди нас ровно два лжеца,» — заявил второй. «Среди нас ровно три
лжеца,» — воскликнул третий. Так продолжалось до тех пор, пока последний участник не
сказал: «Среди нас 2013 лжецов». Сколько же лжецов на митинге на самом деле?"	рыцари					логика, рыцари, 
Дмитрий Трущин	51	2013.0	логика	"Как-то раз встретились два островитянина и один сказал другому: «По крайней мере
один из нас — лжец». Истроия умалчивает, ответил ли ему на это что–либо собеседник. Тем
не менее определите, кем являются оба."	рыцари					логика, рыцари, 
Дмитрий Трущин	51	2013.0	логика	"В другой раз встретились два островитянина Абыр и Валг.
— По крайней мере один из нас — рыцарь, — глубокомысленно изрек Абыр.
— Но ты то уж точно лжец! — рассмеялся ему в лицо Валг.
Определите, кем являются оба."	рыцари					логика, рыцари, 
Дмитрий Трущин	51	2013.0	логика	"Однажды в четверг после дождя между островитянами Тимом и Томом произошел
следующий диалог:
— Ты можешь сказать, что я рыцарь, — гордо заявил Тим.
— Ты можешь сказать, что я лжец, — грустно ответил ему Том.
Кем являются Тим и Том?"	рыцари					логика, рыцари, 
Дмитрий Трущин	51	2013.0	логика	"Некогда перед судом предстали три островитянина, которых для конфиденциальности
мы обозначим А, Б и В. Известно, что преступление совершил ровно один из них, но кто
из них является рыцарями, а кто — лжецами, было неизвестно. — Б лжец. Но преступление совершил В, — заявил А.
— А и В либо оба рыцари, либо оба лжецы, — сообщил суду Б.
— Б говорит правду. Но тем не менее он и совершил преступление, — сказал В.
Поразмышляв недолго, судья не только сумел определить, кто есть кто, но и изобличить
преступника. А вы сумеете это сделать?"	рыцари					логика, рыцари, 
Дмитрий Трущин	51	2013.0	логика	"Однажды в рамках акции «Передай привет другу» каждый из жителей острова
отправил письмо одному из своих друзей. На вопрос «Сколько писем вы получили?»
каждый житель острова ответил «Два.» Докажите, что лжецов на острове не меньше,чем
Рыцарей."	рыцари					логика, рыцари, 
Дмитрий Трущин	51	2013.0	логика	"В незапамятные времена некий заезжий мудрец встретил двух островитян, которых
звали Инь и Янь. «Есть ли среди вас хотябы один лжец?» — спросил он. Инь дал мудрецу
ответ, однако, мудрец не смог определить, кем является каждый из них. «Принадлежите
ли вы к одному племени?» — спросил мудрец затем. Снова ему ответил Инь, и на этот раз
мудрец определил, кто есть кто. Сделайте это и вы."	рыцари					логика, рыцари, 
Дмитрий Трущин	51	2013.0	логика	"В клетках квадрата 4 на 4 стоят островитяне. В некоторый момент каждый из них
произнес: «Во всех соседних со мной клетках стоят лжецы». Какое наибольшее количество
лжецов могло быть среди них?"	рыцари					логика, рыцари, 
Ираклий Гагуа	51	2010.0	логика	Английский посол высказал некое истинное утверждение. Переводчик перевел это утверждение на русский язык, при этом он соврал. Как такое могло быть?						логика, , 
Ираклий Гагуа	51	2010.0	логика	Правда ли, что в этой комнате все попугаи говорящие?						логика, , 
Ираклий Гагуа	51	2010.0	логика	Даша нашла 9 фантиков, потом 8 из них потеряла. На следующий день она нашла 6 фантиков из тех, что потеряла. После этого она опять потеряла 4 фантика. Как за эти два дня изменилось число фантиков у Даши?						логика, , 
Ираклий Гагуа	51	2010.0	логика	Зоя сказала, что ей позавчера было 8 лет, в будущем году ей исполнится 11 лет. Как такое может быть?						логика, , 
Ираклий Гагуа	51	2010.0	логика	Я загадал два числа, которые в сумме дают 33. Хотя бы одно из этих чисел не равно 11. Попробуйте отгадать мои числа.						логика, , 
Ираклий Гагуа	51	2010.0	логика	Дочь отца директора разговаривает с отцом дочери директора, причем сам директор в разговоре не участвует. Как такое может быть?						логика, , 
Ираклий Гагуа	51	2010.0	логика	Нарисуйте две окружности и напишите несколько чисел так, чтобы сумма всех написанных чисел была равна 20. Кроме того, сумма чисел, стоящих в одной из окружностей должна быть в два раза больше суммы чисел, стоящих в другой окружности.						логика, , 
Ираклий Гагуа	51	2010.0	логика	"Три девочки нарисовали круг, квадрат и треугольник.
		Ася:		Я нарисовала круг.
		Галя:		Марина нарисовала круг.
		Марина:	Я нарисовала квадрат.
	Одна девочка пошутила. Кто что нарисовал?"	таблицы					логика, таблицы, 
Ираклий Гагуа	51	2010.0	логика	"В пруду живут три русалки: Ени, Напи и Абни. Одна из них спрятала сундук.
		Ени: 		Это сделала Напи.
		Напи:		Это работа Абни.
		Абни:		Это сделала я.
	Две из них соврали. Кто спрятал сундук?"	таблицы					логика, таблицы, 
Ираклий Гагуа	51	2010.0	логика	"Все утверждения умнейшего из ученых истинны, а все утверждения остальных двух ученых ложны.
		Капица:	Я самый умный. Менделеев не самый умный.
		Декарт:	Капица не самый умный. Я самый умный.
		Менделеев:	Я самый умный.
	Кто из них самый умный?"	таблицы					логика, таблицы, 
Ираклий Гагуа	51	2010.0	логика	"В вазе лежали зеленая груша, зеленое яблоко и красное яблоко. Пришли Антон, Боря и Ваня и съели по одному фрукту.
	Антон:  Я не ел яблоко.		Боря не ел ничего зеленого.
	Боря:	   Я не ел грушу.		Антон съел красное яблоко.
	Ваня:	   Мы с Борей ели яблоки.	Мы с Антоном ели зеленое."	таблицы					логика, таблицы, 
Ираклий Гагуа	51	2010.0	логика	"Полине, Яше и Феде 7, 8 и 9 лет.
	Полина:	Я старше всех.		Федя старше Яши.
	Яша:		Я старше всех.		Федя младше всех.
	Федя:		Я не самый младший	Полина старше всех."	таблицы					логика, таблицы, 
Елена Фадеева	41	2017.0	логика	Комиссия, состоящая из лжецов, пришла в школу, провела инспекцию и составила следующий отчет: «Все учителя имеют достаточный опыт. Никто из детей не опаздывает на уроки. Все родители довольны школьной столовой. Ни один из детей не ведет себя плохо. Некоторые школьники учатся на одни пятерки.» Как выглядел бы отчет, если бы комиссия состояла из рыцарей?						логика, , 
Елена Фадеева	41	2017.0	логика	"Отец с тремя детьми пришел в пиццерию. 
- Хочу, чтобы в пицце были помидоры или грибы, - сказала Аня.
- Пиццу с помидорами и грибами я есть не буду! – сказал Боря.
- Если будут помидоры, а грибов не будет, то я не буду есть, - сказал Ваня.
Какую пиццу может заказать отец, чтобы все дети ее ели?"						логика, , 
Елена Фадеева	41	2017.0	логика	"Андрей участвует в викторине. Он получает 4 ящика и 4 подсказки:
(1) Приз находится в синем или зеленом ящике.
(2) Приз находится в красном или желтом ящике.
(3) Приз находится в зеленом ящике.
(4) В желтом ящике приза нет.
Три подсказки ошибочны, а одна верная. Где находится приз?"						логика, , 
Елена Фадеева	41	2017.0	логика	Аня просит купить яблоки и сливы, Боря – яблоки или абрикосы, Витя – абрикосы или персики, Галя – яблоки и персики. Мама может купить только 3 вида фруктов. Как ей выполнить пожелания всех детей?						логика, , 
Елена Фадеева	41	2017.0	логика	Встретились 3 жителя острова рыцарей и лжецов – Ах, Ох и Ух. Один из них сказал: «Ах и Ох - оба лжецы», другой сказал: «Ах и Ух – оба лжецы» (но кто именно что сказал – неизвестно). Сколько всего лжецов среди этих трех аборигенов?						логика, , 
Алексей Жедь	71	2010.0	логика	"Однажды на лестнице был найден артефакт неизвестной цивилизации. На нем было 100 надписей на неизвестном языке, которые, как утверждают ученые, переводятся так.
“ На этом артефакте написано ровно 1 неверное утверждение”.
“ На этом артефакте написано ровно 2 неверных утверждения”.
. . . . . . . . . . . . . . . . . . . . . . . . . . . . . . . . . . . . . . . . . . . . . . . . . . . . . . . . 
“ На этом артефакте написано ровно 100 неверных утверждений”.
Если верить ученым, сколько среди этих утверждений верных?"						логика, , 
Алексей Жедь	71	2010.0	логика	Сегодня мама осьминога Пети сказала: “Все великие ученые были осьминогами ”. Петя говорит: “Я осьминог. Значит, я – великий ученый.” Правильно ли он рассуждает?						логика, , 
Алексей Жедь	71	2010.0	логика	В зимней школе ЗМШ проводилось следствие по делу о том, кто проспал занятия. На суде Андрей Клюев заявил, что занятия проспал Леша Петухов. В свою очередь, Леша Петухов и Дима Трущин дали показания, которые по каким-то причинам не были записаны. В ходе судебного заседания выяснилось, что занятия проспал только один из трех подсудимых и что только он дал правильные показания. Кто проспал занятия?						логика, , 
Алексей Жедь	71	2010.0	логика	В трех урнах лежат шары: в одной – два белых, в другой – два черных, а в третьей – и белый, и черный. На урнах висят таблички ББ, БЧ и ЧЧ так, что содержимое каждой из урн не соответствует табличке. Как, вытащив один шар, определить, в какой урне что лежит?						логика, , 
Алексей Жедь	71	2010.0	логика	Трех людей – Диму Трущина, Лешу Петухова и Андрея Клюева – посадили в ряд так, что Дима видит Лешу и Андрея, Леша видит только Андрея, а Андрей никого не видит. Затем им показали 5 колпаков – 3 красных и 2 белых, завязали глаза и надели каждому на голову красный колпак. После этого им развязали глаза и каждого спросили, может ли он определить цвет своего колпака. После того, как Дима, затем и Леша ответили «Нет», Андрей понял, какого цвета на нем колпак. Как он рассуждал?						логика, , 
Алексей Жедь	71	2010.0	логика	"На экскурсии в Чернобыль Миша увидел двух двухголовых дракончиков, головы которых спутались. Драконы бывают либо правдивые, т.е. все головы говорят только правду, либо лживые, т.е. все головы всегда лгут. Миша решил помочь дракончикам распутать головы. Но для этого ему надо знать, где чья голова. Он спросил это у дракончиков, на что головы ответили:        			             первая голова: я – правдивая голова;
			вторая голова: третья голова – моя родная голова;
			третья голова: вторая голова – не родная мне голова;
				четвертая голова: третья голова – лживая.
Какие головы принадлежат каким дракончикам?"						логика, , 
Алексей Жедь	71	2010.0	логика	"Предположим, что справедливы следующие утверждения:
а) Среди людей, имеющих черепашек-мутантов, есть такие, которые не являются сумасшедшими докторами.
б) Люди, выращивающие пиццу, но не являющиеся сумасшедшими докторами, не имеют черепашек-мутантов.
Верно ли тогда, что не все владельцы черепашек-мутантов выращивают пиццу (вероятно, чтобы их кормить)?"						логика, , 
Алексей Жедь	72	2010.0	логика	"""Все критяне – лжецы"", – сказал философ с острова Крит. Какие из следующих утверждений верны, а какие нет, а о каких ничего нельзя сказать? Ответ обоснуйте.
Все критяне – лжецы.
Все критяне говорят правду.
Философ – лжец.
Философ говорит правду.
Среди критян есть лжецы.
Среди критян есть говорящие правду."	отрицания					логика, отрицания, 
Алексей Жедь	72	2010.0	логика	"На заключительной олимпиаде в ЛМШ в каждом туре все ученики решили все задачи. Какие из перечисленных ниже утверждений должны быть истинны, чтобы это утверждение стало неверным?
Был ученик, который в каждом туре не решил хотя бы одну задачу.
В каждом туре все ученики не решили хотя бы одну задачу..
Был ученик, который в каждом туре решил все задачи.
Был тур, в котором ни один из учеников не решил все задачи.
Был ученик, который в одном из туров решил все задачи.
Во всей олимпиаде была задача (придуманная Лешей Петуховым), которую не решил ни один человек.
В каждом туре все ученики решили хотя бы одну задачу."	отрицания					логика, отрицания, 
Алексей Жедь	72	2010.0	логика	Назовем контрольную легкой, если за каждой партой найдется ученик, решивший все задачи. Дайте определение трудной контрольной.	отрицания					логика, отрицания, 
Алексей Жедь	72	2010.0	логика	 Рассмотрим два определения легкой контрольной: 1) в каждом варианте каждую задачу решил хотя бы один ученик; 2) в каждом варианте хоты бы один ученик решил все задачи. Может ли контрольная быть легкой в смысле определения 1) и трудной в смысле определения 2)?	отрицания					логика, отрицания, 
Ираклий Гагуа	62	2010.0	логика	"Придумайте утверждение, которое
а.	может сказать и рыцарь, и лжец
б.	не может сказать ни рыцарь, ни лжец
в.	может сказать только рыцарь
г.    Может сказать только лжец
1.	может сказать только лжец рыцарю
2.	может сказать только рыцарь лжецу 
3.	может сказать только лжец лжецу
4.	может сказать только рыцарь рыцарю"						логика, , 
Ираклий Гагуа	62	2010.0	логика	"Островитяне еще делятся на мужчин и женщин.
1.	Для каждого из 4-х типов островитян придумайте утверждение, которое может сказать лишь представитель этого типа.

2.	Придумайте фразу, которою может сказать любой мужчина с острова, а никакая женщина с острова ее сказать не может."						логика, , 
Ираклий Гагуа	63	2010.0	логика	В одной из таких конференций участвовали 50 физиков и 30 химиков. При этом среди физиков было 20 лжецов. Участники конференции сидели за круглым столом и по окончании журналист местной газеты спросил каждо­го, кто был его соседом справа. Все участники конференции ответили оди­наково – химик. А сколько лжецов было среди химиков?						логика, , 
Ираклий Гагуа	63	2010.0	логика	Каждому из 100 участников другой конференции был задан вопрос: «Если не считать вас, то кого больше среди остальных участников – рыцарей или лжецов?». Когда опросили 51 участника, и все ответили, что больше лжецов, опрос прервался. Сколько же на самом деле рыцарей и лжецов среди участников конференции?						логика, , 
Ираклий Гагуа	63	2010.0	логика	А в столице путешественник попал на заседание парламента, который так­же состоял из 100 человек. У него на глазах 60 парламентариев по одному покинули зал заседания и каждый заявлял журналистам: «Среди оставших­ся депутатов лживых больше, чем правдивых». А сколько на самом деле правдивых депутатов насчитывает логиканский парламент?						логика, , 
Ираклий Гагуа	51	2010.0	логика	"Сформулируйте отрицания к следующим утверждениям:
а) На полке стоит 10 книг.
б) x > 7
в) Этот фильм комедия или боевик.
г) У Оли есть книги Пушкина и Чехова.
д) Глаше не 10 лет.
е) Завтра не будет уроков и будет выходной.
ж) Джон не был в Британии или он знает английский."	отрицания					логика, отрицания, 
Ираклий Гагуа	51	2010.0	логика	"Сформулируйте отрицания к следующим утверждениям:
а) Если Джон был в Британии, то он знает английский.
б) Если данное число делится на 5, то оно делится на 15.
в) Если клеток меньше, чем кроликов, то кроликам тесно."	отрицания					логика, отрицания, 
Ираклий Гагуа	51	2010.0	логика	"Назовем преподавателя злым, если
а) он не поставил ни одной пятерки и ни одной четверки
б) хотя бы один ученик получил не больше двух пятерок
в) каждый ученик получил меньше четырех пятерок
г) хотя бы одну положительную оценку никто не получил
д) каждую положительную оценку кто-нибудь не получил
В каждом из пунктов сформулируйте, что значит, что преподаватель не является злым."	отрицания					логика, отрицания, 
Ираклий Гагуа	51	2010.0	логика	"Назовем контрольную лёгкой, если
а) хотя бы один ученик решил все задачи
б) существовала задача, которую решили все
в) нашелся ученик, решивший больше половины задач
г) каждую задачу решило больше половины учеников
д) все отличники решили все трудные задачи
В каждом из пунктов сформулируйте, что значит, что контрольная не является лёгкой."	отрицания					логика, отрицания, 
Елена Фадеева	51	2016.0	логика	Выйдя на улицу, вы встретили на дороге троих аборигенов и спросили каждого: «Сколько рыцарей среди твоих спутников?» Первый ответил: «Ни одного», второй ответил: «Один». Что сказал третий?	рыцари					логика, рыцари, 
Елена Фадеева	51	2016.0	логика	За столом сидело 9 жителей острова. Каждый из них сказал – «Мои соседи – лжец и рыцарь». Сколько рыцарей могло быть среди них? А если за столом сидело 11 человек?	рыцари					логика, рыцари, 
Елена Фадеева	51	2016.0	логика	К группе из четырёх аборигенов вы обратились с вопросом: «Сколько рыцарей среди вас?» Они ответили так. Первый: «Все мы лжецы», второй: «Среди нас один лжец», третий: «Среди нас два лжеца», четвёртый: «Я ни разу не солгал и сейчас не лгу». Сможете ли вы определить, кем являлся четвёртый абориген?	рыцари					логика, рыцари, 
Елена Фадеева	51	2016.0	логика	Вы наняли проводником одного из жителей острова. По дороге вы встретили другого туземца и послали своего проводника узнать, кто он. Проводник вернулся и сообщил, что тот туземец назвался лжецом. Рыцарь или лжец ваш проводник?	рыцари					логика, рыцари, 
Елена Фадеева	51	2016.0	логика	На острове рыцарей и лжецов живет ровно 100 жителей. Некоторые из них дружат. Каждого из них спросили: «Сколько рыцарей среди твоих друзей на этом острове?» Среди ответов каждое число от 0 до 99 встретилось ровно по 1 разу. Сколько на этом острове рыцарей?	рыцари					логика, рыцари, 
Елена Фадеева	51	2016.0	логика	На острове живут рыцари и лжецы (есть и те, и другие). Некторые жители заявили, что на острове четное число рыцарей, а остальные заявили, что на острове нечетное число лжецов. Может ли число жителей острова быть нечетным?	рыцари					логика, рыцари, 
Елена Фадеева	51	2016.0	логика	На острове рыцарей и лжецов 1234 жителя. Однажды все жители острова разбились на пары, и каждый про своего соседа по паре сказал: «Он - рыцарь» либо «Он – лжец». Могло ли в итоге оказаться,что тех и других фраз произнесено поровну?	рыцари					логика, рыцари, 
Елена Фадеева	51	2016.0	логика	"Среди трех человек, А, В и С, есть рыцарь, лжец и хитрец. Они сказали:
А: Я хитрец.
В: Это правда.
С: Я не хитрец.
Кем в действительности являются А, В и С?"	рыцари					логика, рыцари, 
Елена Фадеева	51	2016.0	логика	"Среди трех человек, А, Б и В, есть рыцарь, лжец и хитрец. Они сказали: 
А: «Я хитрец». 
Б: «И А, и В иногда говорят правду».
 В: «Б хитрец». 
Кто из них кто?"	рыцари					логика, рыцари, 
Елена Фадеева	51	2016.0	логика	Путешественник встретил трех островитян. На вопрос «Есть ли среди вас лжецы?» все трое ответили «Да». Что можно узнать по этому ответу?	рыцари					логика, рыцари, 
Елена Фадеева	51	2016.0	логика	Путешественник увидел трех островитян, сидящих за круглым столом: рыцаря, лжеца и хитреца. На вопрос «Кто твой сосед справа?» все трое ответили по-разному. Может ли путешественник узнать кто есть кто?	рыцари					логика, рыцари, 
Елена Фадеева	51	2016.0	логика	Перед вами трое жителей острова: лжец, рыцарь и хитрец, которые знают, кто из них кто. Как узнать, кто из них кто? Вопросы можно задавать в любом количестве.	рыцари					логика, рыцари, 
Елена Фадеева	51	2016.0	логика	Среди четырех островитян три рыцаря и хитрец. Как найти хитреца, задав 3 вопроса, отвечать на которые можно только «Да» или «Нет»?	рыцари					логика, рыцари, 
Елена Фадеева	51	2016.0	логика	 Перед вами лжец, рыцарь и два хитреца. Докажите, что хитрецы могут договориться отвечать так, что вы никогда не узнаете, кто есть кто.	рыцари					логика, рыцари, 
Дмитрий Трущин	52	2017.0	оценка + пример	"Квадратная площадь размером 10 на 10 выложена квадратными плитами 11 двух
цветов — белого и красного. Какое наибольшее число красных плит может оказаться
среди них, если известно, что красные плиты не соприкасаются а) сторонами; б)
сторонами и уголками."	блоки					оценка + пример, блоки, 
Дмитрий Трущин	52	2017.0	оценка + пример	"Новогодняя гирлянда, висящая вдоль школьного коридора, состоит из красных
и синих лампочек. Рядом с каждой красной лампочкой обязательно есть синяя. Какое
наибольшее число красных лампочек может быть в этой гирлянде, если всего лампочек
50?"	блоки					оценка + пример, блоки, 
Дмитрий Трущин	52	2017.0	оценка + пример	"Поле для игры «морской бой» имеет вид квадрата 8 на 8. Где–то на этом поле
расположен флагман 1 на 4. Какое наименьшее число выстрелов необходимо совершить,
чтобы гарантировано ранить корабль?"	блоки					оценка + пример, блоки, 
Дмитрий Трущин	52	2017.0	оценка + пример	"Какое наибольшее число а) ладей, б) ферзей, в) королей, г) коней, д) слонов
можно поставить на шахматную доску так, чтобы они не били друг друга?"	блоки					оценка + пример, блоки, 
Дмитрий Трущин	52	2017.0	оценка + пример	"Какое наибольшее число клеток можно закрасить в квадрате 8 на 8 так, чтобы
в каждом трехклеточном уголке оставалась по меньшей мере одна незакрашенная
клетка?"	блоки					оценка + пример, блоки, 
Дмитрий Трущин	52	2017.0	оценка + пример	"Какое наибольше количество натуральных чисел, не превосходящих 1000 можно
выбрать так, чтобы ни одно из этих чисел не делилось на разность никаких двух
Других."	блоки					оценка + пример, блоки, 
Дмитрий Трущин	52	2017.0	оценка + пример	"Из 27 одинаковых кубиков сложен куб 3 на 3 на 3. Никита хочет раскрасить эти
кубики так, чтобы одноцветные кубики не соприкасались (даже вершинами). Какое
наименьшее число цветов ему понадобится?"	блоки					оценка + пример, блоки, 
ЗМШ 13	10	2013.0	переливания	Три брата-акробата купили сосуд, полностью заполненный 24 литрами рома, и три пустых сосуда объемом 5, 11 и 13 литров. За какое минимальное количество переливаний братцы смогут разделить ром на три равные части?						переливания, , 
ЗМШ 13	10	2013.0	взвешивания	Один из 12-ти биллиардных шаров бракованный. Неизвестно, насколько он отличается от стандартных. У Вас есть чашечные весы-противовесы, на которых Вы можете сравнивать вес шаров. Какое минимальное количество взвешиваний гарантирует нахождение бракованного шара? 						взвешивания, , 
ЗМШ 13	10	2013.0	переливания	Отмерьте ровно 4 литра, если у вас есть 3-литровая банка, 5-литровая банка и неограниченный доступ к воде. 						переливания, , 
ЗМШ 13	10	2013.0	взвешивания	У вас 10 мешков с монетами, по 1000 монет в каждом. В одном из мешков все монеты фальшивые. Настоящая монета весит 1 г., фальшивая – 1,1 г. Имея точные весы, как определить мешок с фальшивыми монетами с помощью только одного взвешивания? Что если неизвестно, сколько мешков было с фальшивыми монетами? 	монеты					взвешивания, монеты, 
ЗМШ 13	10	2013.0	взвешивания	Среди 101 одинаковых по виду монет одна фальшивая, отличающаяся по весу. Как с помощью чашечных весов без гирь за два взвешивания определить, легче или тяжелее фальшивая монета? Hаходить фальшивую монету не требуется. 						взвешивания, , 
ЗМШ 13	10	2013.0	взвешивания	Лиса Алиса и Кот Базилио – фальшивомонетчики. Базилио делает монеты тяжелее настоящих, а Алиса – легче. У Буратино есть 15 одинаковых по внешнему виду монет, но какая-то одна – фальшивая. Как двумя взвешиваниями на чашечных весах без гирь Буратино может определить, кто сделал фальшивую монету – Кот Базилио или Лиса Алиса? 						взвешивания, , 
ЗМШ 13	10	2013.0	взвешивания	Имеюся 6 гирь весом 1, 2, 3, 4, 5 и 6 г. На них нанесены соответствующие надписи. Птичка принесла на хвосте слух, что одна из гирь подписана неверно. Как при помощи двух взвешиваний на чашечных весах определить, верна ли имеющаяся на гирях маркировка?						взвешивания, , 
ЗМШ 13	10	2013.0	взвешивания	В аптеку поступило сильнодействующее лекарство - 8 упаковок по 150 таблеток. Следом пришло сообщение, что в этой партии есть несколько упаковок с бракованными таблетками - их вес на 1 мг больше нормальной дозы. Как за одно взвешивание выявить все упаковки с бракованными таблетками? Упаковки можно вскрывать.						взвешивания, , 
