name;path;author;date;difficulty;topics
;D:\Files\Programming\TaskGen\data\1;Ираклий Гагуа;2011;50;['комбинаторика', 'числа', '']
;D:\Files\Programming\TaskGen\data\10;Ираклий Гагуа;2011;72;['комбинаторика', '', '']
;D:\Files\Programming\TaskGen\data\100;Павел Живцов;2018;71;['комбинаторика', '', '']
;D:\Files\Programming\TaskGen\data\101;Павел Живцов;2018;71;['комбинаторика', '', '']
;D:\Files\Programming\TaskGen\data\102;Павел Живцов;2018;71;['комбинаторика', '', '']
;D:\Files\Programming\TaskGen\data\103;Павел Живцов;2018;71;['комбинаторика', '', '']
;D:\Files\Programming\TaskGen\data\104;Павел Живцов;2018;71;['комбинаторика', '', '']
;D:\Files\Programming\TaskGen\data\105;Павел Живцов;2018;71;['комбинаторика', '', '']
;D:\Files\Programming\TaskGen\data\106;ЗМШ;2012;30;['комбинаторика', '', '']
;D:\Files\Programming\TaskGen\data\107;ЗМШ;2012;30;['комбинаторика', '', '']
;D:\Files\Programming\TaskGen\data\108;ЗМШ;2012;30;['комбинаторика', '', '']
;D:\Files\Programming\TaskGen\data\109;ЗМШ;2012;30;['комбинаторика', '', '']
;D:\Files\Programming\TaskGen\data\11;Ираклий Гагуа;2011;72;['комбинаторика', '', '']
;D:\Files\Programming\TaskGen\data\110;ЗМШ;2012;30;['комбинаторика', '', '']
;D:\Files\Programming\TaskGen\data\111;ЗМШ;2012;30;['комбинаторика', '', '']
;D:\Files\Programming\TaskGen\data\112;ЗМШ;2012;30;['комбинаторика', '', '']
;D:\Files\Programming\TaskGen\data\113;ЗМШ;2012;30;['комбинаторика', '', '']
;D:\Files\Programming\TaskGen\data\114;Ирина Шпаковская;2017;30;['комбинаторика', '', '']
;D:\Files\Programming\TaskGen\data\115;Ирина Шпаковская;2017;30;['комбинаторика', '', '']
;D:\Files\Programming\TaskGen\data\116;Ирина Шпаковская;2017;30;['комбинаторика', '', '']
;D:\Files\Programming\TaskGen\data\117;Ирина Шпаковская;2017;30;['комбинаторика', '', '']
;D:\Files\Programming\TaskGen\data\118;Ирина Шпаковская;2017;30;['комбинаторика', '', '']
;D:\Files\Programming\TaskGen\data\119;Ирина Шпаковская;2017;30;['комбинаторика', '', '']
;D:\Files\Programming\TaskGen\data\12;Ираклий Гагуа;2011;50;['комбинаторика', '', '']
;D:\Files\Programming\TaskGen\data\120;Ирина Шпаковская;2017;30;['комбинаторика', '', '']
;D:\Files\Programming\TaskGen\data\121;Ирина Шпаковская;2017;30;['комбинаторика', '', '']
;D:\Files\Programming\TaskGen\data\122;Елена Фадеева;2017;50;['комбинаторика', '', '']
;D:\Files\Programming\TaskGen\data\123;Елена Фадеева;2017;50;['комбинаторика', '', '']
;D:\Files\Programming\TaskGen\data\124;Елена Фадеева;2017;50;['комбинаторика', '', '']
;D:\Files\Programming\TaskGen\data\125;Елена Фадеева;2017;50;['комбинаторика', '', '']
;D:\Files\Programming\TaskGen\data\126;Елена Фадеева;2017;50;['комбинаторика', '', '']
;D:\Files\Programming\TaskGen\data\127;Елена Фадеева;2017;50;['комбинаторика', '', '']
;D:\Files\Programming\TaskGen\data\128;Елена Фадеева;2017;50;['комбинаторика', '', '']
;D:\Files\Programming\TaskGen\data\129;Елена Фадеева;2017;50;['комбинаторика', '', '']
;D:\Files\Programming\TaskGen\data\13;Ираклий Гагуа;2011;51;['комбинаторика', '', '']
;D:\Files\Programming\TaskGen\data\130;Елена Фадеева;2017;50;['комбинаторика', '', '']
;D:\Files\Programming\TaskGen\data\131;Елена Фадеева;2017;50;['комбинаторика', '', '']
;D:\Files\Programming\TaskGen\data\132;Елена Фадеева;2017;50;['комбинаторика', '', '']
;D:\Files\Programming\TaskGen\data\133;Елена Фадеева;2017;50;['комбинаторика', '', '']
;D:\Files\Programming\TaskGen\data\134;Елена Фадеева;2017;50;['комбинаторика', '', '']
;D:\Files\Programming\TaskGen\data\135;Елена Фадеева;2017;50;['комбинаторика', '', '']
;D:\Files\Programming\TaskGen\data\136;Елена Фадеева;2017;50;['комбинаторика', '', '']
;D:\Files\Programming\TaskGen\data\137;арт;2012;20;['комбинаторика', '', '']
;D:\Files\Programming\TaskGen\data\138;арт;2012;20;['комбинаторика', '', '']
;D:\Files\Programming\TaskGen\data\139;арт;2012;20;['комбинаторика', '', '']
;D:\Files\Programming\TaskGen\data\14;Ираклий Гагуа;2011;51;['комбинаторика', '', '']
;D:\Files\Programming\TaskGen\data\140;арт;2012;20;['комбинаторика', '', '']
;D:\Files\Programming\TaskGen\data\141;арт;2012;20;['комбинаторика', '', '']
;D:\Files\Programming\TaskGen\data\142;арт;2012;20;['комбинаторика', '', '']
;D:\Files\Programming\TaskGen\data\143;арт;2012;20;['комбинаторика', '', '']
;D:\Files\Programming\TaskGen\data\144;арт;2012;20;['комбинаторика', '', '']
;D:\Files\Programming\TaskGen\data\145;арт;2012;20;['комбинаторика', '', '']
;D:\Files\Programming\TaskGen\data\146;ЗМШ;2013;30;['комбинаторика', '', '']
;D:\Files\Programming\TaskGen\data\147;ЗМШ;2013;30;['комбинаторика', '', '']
;D:\Files\Programming\TaskGen\data\148;ЗМШ;2013;30;['комбинаторика', '', '']
;D:\Files\Programming\TaskGen\data\149;ЗМШ;2013;30;['комбинаторика', '', '']
;D:\Files\Programming\TaskGen\data\15;Ираклий Гагуа;2011;52;['комбинаторика', '', '']
;D:\Files\Programming\TaskGen\data\150;ЗМШ;2013;30;['комбинаторика', '', '']
;D:\Files\Programming\TaskGen\data\151;ЗМШ;2013;30;['комбинаторика', '', '']
;D:\Files\Programming\TaskGen\data\152;ЗМШ;2013;31;['комбинаторика', '', '']
;D:\Files\Programming\TaskGen\data\153;ЗМШ;2013;31;['комбинаторика', '', '']
;D:\Files\Programming\TaskGen\data\154;ЗМШ;2013;31;['комбинаторика', '', '']
;D:\Files\Programming\TaskGen\data\155;ЗМШ;2013;31;['комбинаторика', '', '']
;D:\Files\Programming\TaskGen\data\156;ЗМШ;2013;31;['комбинаторика', '', '']
;D:\Files\Programming\TaskGen\data\157;ЗМШ;2013;31;['комбинаторика', '', '']
;D:\Files\Programming\TaskGen\data\158;ЗМШ;2013;31;['комбинаторика', '', '']
;D:\Files\Programming\TaskGen\data\159;ЗМШ;2013;31;['комбинаторика', '', '']
;D:\Files\Programming\TaskGen\data\16;Ираклий Гагуа;2011;53;['комбинаторика', '', '']
;D:\Files\Programming\TaskGen\data\160;ЗМШ;2013;31;['комбинаторика', '', '']
;D:\Files\Programming\TaskGen\data\161;ЗМШ;2013;31;['комбинаторика', '', '']
;D:\Files\Programming\TaskGen\data\162;ЗМШ;2013;31;['комбинаторика', '', '']
;D:\Files\Programming\TaskGen\data\163;ЗМШ;2013;31;['комбинаторика', '', '']
;D:\Files\Programming\TaskGen\data\164;ЗМШ;2013;31;['комбинаторика', '', '']
;D:\Files\Programming\TaskGen\data\165;ЗМШ;2013;31;['комбинаторика', '', '']
;D:\Files\Programming\TaskGen\data\166;ЗМШ;2013;31;['комбинаторика', '', '']
;D:\Files\Programming\TaskGen\data\167;ЗМШ;2013;31;['комбинаторика', '', '']
;D:\Files\Programming\TaskGen\data\168;ЗМШ;2013;31;['комбинаторика', '', '']
;D:\Files\Programming\TaskGen\data\169;ЗМШ;2013;31;['комбинаторика', '', '']
;D:\Files\Programming\TaskGen\data\17;25 школа;2012;70;['комбинаторика', '', '']
;D:\Files\Programming\TaskGen\data\170;ЗМШ;2013;31;['комбинаторика', '', '']
;D:\Files\Programming\TaskGen\data\171;ЗМШ;2013;31;['комбинаторика', '', '']
;D:\Files\Programming\TaskGen\data\172;ЗМШ;2013;31;['комбинаторика', '', '']
;D:\Files\Programming\TaskGen\data\173;ЗМШ;2013;31;['комбинаторика', '', '']
;D:\Files\Programming\TaskGen\data\174;ЗМШ;2013;31;['комбинаторика', '', '']
;D:\Files\Programming\TaskGen\data\175;ЗМШ;2013;31;['комбинаторика', 'буквы', '']
;D:\Files\Programming\TaskGen\data\176;ЗМШ;2013;31;['комбинаторика', '', '']
;D:\Files\Programming\TaskGen\data\177;ЗМШ;2013;31;['комбинаторика', 'шахматы', '']
;D:\Files\Programming\TaskGen\data\178;Нина;2013;20;['комбинаторика', '', '']
;D:\Files\Programming\TaskGen\data\179;Нина;2013;20;['комбинаторика', '', '']
;D:\Files\Programming\TaskGen\data\18;25 школа;2012;71;['комбинаторика', '', '']
;D:\Files\Programming\TaskGen\data\180;Нина;2013;20;['комбинаторика', '', '']
;D:\Files\Programming\TaskGen\data\181;Нина;2013;20;['комбинаторика', '', '']
;D:\Files\Programming\TaskGen\data\182;Нина;2013;20;['комбинаторика', '', '']
;D:\Files\Programming\TaskGen\data\183;Нина;2013;20;['комбинаторика', '', '']
;D:\Files\Programming\TaskGen\data\184;ЗМШ;2013;32;['комбинаторика', 'слова', '']
;D:\Files\Programming\TaskGen\data\185;ЗМШ;2013;32;['комбинаторика', '', '']
;D:\Files\Programming\TaskGen\data\186;ЗМШ;2013;32;['комбинаторика', 'шахматы', '']
;D:\Files\Programming\TaskGen\data\187;ЗМШ;2013;41;['комбинаторика', '', '']
;D:\Files\Programming\TaskGen\data\188;ЗМШ;2013;41;['комбинаторика', '', '']
;D:\Files\Programming\TaskGen\data\189;ЗМШ;2013;41;['комбинаторика', '', '']
;D:\Files\Programming\TaskGen\data\19;25 школа;2012;72;['комбинаторика', 'числа', '']
;D:\Files\Programming\TaskGen\data\190;ЗМШ;2013;41;['комбинаторика', '', '']
;D:\Files\Programming\TaskGen\data\191;ЗМШ гость;2017;30;['логика', 'таблицы', '']
;D:\Files\Programming\TaskGen\data\192;ЗМШ гость;2017;30;['логика', 'таблицы', '']
;D:\Files\Programming\TaskGen\data\193;ЗМШ гость;2017;30;['логика', 'таблицы', '']
;D:\Files\Programming\TaskGen\data\194;ЗМШ гость;2017;30;['логика', 'таблицы', '']
;D:\Files\Programming\TaskGen\data\195;ЗМШ гость;2017;30;['логика', 'таблицы', '']
;D:\Files\Programming\TaskGen\data\196;ЗМШ гость;2017;30;['логика', 'таблицы', '']
;D:\Files\Programming\TaskGen\data\197;ЗМШ гость;2017;30;['логика', 'таблицы', '']
;D:\Files\Programming\TaskGen\data\198;ЗМШ гость;2017;40;['логика', 'таблицы', '']
;D:\Files\Programming\TaskGen\data\199;ЗМШ гость;2017;40;['логика', 'таблицы', '']
;D:\Files\Programming\TaskGen\data\2;Ираклий Гагуа;2011;50;['комбинаторика', 'числа', '']
;D:\Files\Programming\TaskGen\data\20;25 школа;2012;72;['комбинаторика', '', '']
;D:\Files\Programming\TaskGen\data\200;ЗМШ гость;2017;40;['логика', 'таблицы', '']
;D:\Files\Programming\TaskGen\data\201;ЗМШ гость;2017;40;['логика', 'таблицы', '']
;D:\Files\Programming\TaskGen\data\202;ЗМШ гость;2017;40;['логика', 'таблицы', '']
;D:\Files\Programming\TaskGen\data\203;ЗМШ гость;2017;41;['логика', 'таблицы', '']
;D:\Files\Programming\TaskGen\data\204;ЗМШ гость;2017;41;['логика', 'таблицы', '']
;D:\Files\Programming\TaskGen\data\205;ЗМШ гость;2017;41;['логика', 'таблицы', '']
;D:\Files\Programming\TaskGen\data\206;ЗМШ гость;2017;41;['логика', 'таблицы', '']
;D:\Files\Programming\TaskGen\data\207;ЗМШ гость;2017;41;['логика', 'таблицы', '']
;D:\Files\Programming\TaskGen\data\208;ЗМШ гость;2017;41;['логика', 'таблицы', '']
;D:\Files\Programming\TaskGen\data\209;ЗМШ гость;2017;41;['логика', 'таблицы', '']
;D:\Files\Programming\TaskGen\data\21;25 школа;2012;73;['комбинаторика', '', '']
;D:\Files\Programming\TaskGen\data\210;ЗМШ гость;2017;41;['логика', 'таблицы', '']
;D:\Files\Programming\TaskGen\data\211;ЗМШ гость;2017;41;['логика', 'таблицы', '']
;D:\Files\Programming\TaskGen\data\212;Ираклий Гагуа;2010;42;['логика', '', '']
;D:\Files\Programming\TaskGen\data\213;Ираклий Гагуа;2010;42;['логика', '', '']
;D:\Files\Programming\TaskGen\data\214;Ираклий Гагуа;2010;42;['логика', '', '']
;D:\Files\Programming\TaskGen\data\215;Ираклий Гагуа;2010;42;['логика', '', '']
;D:\Files\Programming\TaskGen\data\216;Ираклий Гагуа;2010;42;['логика', '', '']
;D:\Files\Programming\TaskGen\data\217;Ираклий Гагуа;2010;42;['логика', '', '']
;D:\Files\Programming\TaskGen\data\218;Ираклий Гагуа;2010;43;['логика', '', '']
;D:\Files\Programming\TaskGen\data\219;Ираклий Гагуа;2010;43;['логика', '', '']
;D:\Files\Programming\TaskGen\data\22;25 школа;2012;72;['комбинаторика', '', '']
;D:\Files\Programming\TaskGen\data\220;Ираклий Гагуа;2010;43;['логика', '', '']
;D:\Files\Programming\TaskGen\data\221;Ираклий Гагуа;2010;43;['логика', '', '']
;D:\Files\Programming\TaskGen\data\222;Ираклий Гагуа;2010;43;['логика', '', '']
;D:\Files\Programming\TaskGen\data\223;Ираклий Гагуа;2010;43;['логика', '', '']
;D:\Files\Programming\TaskGen\data\224;Дмитрий;2011;70;['логика', 'ииили', '']
;D:\Files\Programming\TaskGen\data\225;Дмитрий;2011;70;['логика', 'ииили', '']
;D:\Files\Programming\TaskGen\data\226;Дмитрий;2011;70;['логика', 'ииили', '']
;D:\Files\Programming\TaskGen\data\227;Дмитрий;2011;70;['логика', 'ииили', '']
;D:\Files\Programming\TaskGen\data\228;Дмитрий;2011;70;['логика', 'ииили', '']
;D:\Files\Programming\TaskGen\data\229;Дмитрий;2011;70;['логика', 'ииили', '']
;D:\Files\Programming\TaskGen\data\23;25 школа;2012;73;['комбинаторика', 'геометрия', '']
;D:\Files\Programming\TaskGen\data\230;Дмитрий Трущин;2013;51;['логика', 'рыцари', '']
;D:\Files\Programming\TaskGen\data\231;Дмитрий Трущин;2013;51;['логика', 'рыцари', '']
;D:\Files\Programming\TaskGen\data\232;Дмитрий Трущин;2013;51;['логика', 'рыцари', '']
;D:\Files\Programming\TaskGen\data\233;Дмитрий Трущин;2013;51;['логика', 'рыцари', '']
;D:\Files\Programming\TaskGen\data\234;Дмитрий Трущин;2013;51;['логика', 'рыцари', '']
;D:\Files\Programming\TaskGen\data\235;Дмитрий Трущин;2013;51;['логика', 'рыцари', '']
;D:\Files\Programming\TaskGen\data\236;Дмитрий Трущин;2013;51;['логика', 'рыцари', '']
;D:\Files\Programming\TaskGen\data\237;Дмитрий Трущин;2013;51;['логика', 'рыцари', '']
;D:\Files\Programming\TaskGen\data\238;Дмитрий Трущин;2013;51;['логика', 'рыцари', '']
;D:\Files\Programming\TaskGen\data\239;Ираклий Гагуа;2010;51;['логика', '', '']
;D:\Files\Programming\TaskGen\data\24;25 школа;2012;73;['комбинаторика', 'шахматы', '']
;D:\Files\Programming\TaskGen\data\240;Ираклий Гагуа;2010;51;['логика', '', '']
;D:\Files\Programming\TaskGen\data\241;Ираклий Гагуа;2010;51;['логика', '', '']
;D:\Files\Programming\TaskGen\data\242;Ираклий Гагуа;2010;51;['логика', '', '']
;D:\Files\Programming\TaskGen\data\243;Ираклий Гагуа;2010;51;['логика', '', '']
;D:\Files\Programming\TaskGen\data\244;Ираклий Гагуа;2010;51;['логика', '', '']
;D:\Files\Programming\TaskGen\data\245;Ираклий Гагуа;2010;51;['логика', '', '']
;D:\Files\Programming\TaskGen\data\246;Ираклий Гагуа;2010;51;['логика', 'таблицы', '']
;D:\Files\Programming\TaskGen\data\247;Ираклий Гагуа;2010;51;['логика', 'таблицы', '']
;D:\Files\Programming\TaskGen\data\248;Ираклий Гагуа;2010;51;['логика', 'таблицы', '']
;D:\Files\Programming\TaskGen\data\249;Ираклий Гагуа;2010;51;['логика', 'таблицы', '']
;D:\Files\Programming\TaskGen\data\25;25 школа;2012;73;['комбинаторика', 'шахматы', '']
;D:\Files\Programming\TaskGen\data\250;Ираклий Гагуа;2010;51;['логика', 'таблицы', '']
;D:\Files\Programming\TaskGen\data\251;Елена Фадеева;2017;41;['логика', '', '']
;D:\Files\Programming\TaskGen\data\252;Елена Фадеева;2017;41;['логика', '', '']
;D:\Files\Programming\TaskGen\data\253;Елена Фадеева;2017;41;['логика', '', '']
;D:\Files\Programming\TaskGen\data\254;Елена Фадеева;2017;41;['логика', '', '']
;D:\Files\Programming\TaskGen\data\255;Елена Фадеева;2017;41;['логика', '', '']
;D:\Files\Programming\TaskGen\data\256;Алексей Жедь;2010;71;['логика', '', '']
;D:\Files\Programming\TaskGen\data\257;Алексей Жедь;2010;71;['логика', '', '']
;D:\Files\Programming\TaskGen\data\258;Алексей Жедь;2010;71;['логика', '', '']
;D:\Files\Programming\TaskGen\data\259;Алексей Жедь;2010;71;['логика', '', '']
;D:\Files\Programming\TaskGen\data\26;25 школа;2012;73;['комбинаторика', 'числа', '']
;D:\Files\Programming\TaskGen\data\260;Алексей Жедь;2010;71;['логика', '', '']
;D:\Files\Programming\TaskGen\data\261;Алексей Жедь;2010;71;['логика', '', '']
;D:\Files\Programming\TaskGen\data\262;Алексей Жедь;2010;71;['логика', '', '']
;D:\Files\Programming\TaskGen\data\263;Алексей Жедь;2010;72;['логика', 'отрицания', '']
;D:\Files\Programming\TaskGen\data\264;Алексей Жедь;2010;72;['логика', 'отрицания', '']
;D:\Files\Programming\TaskGen\data\265;Алексей Жедь;2010;72;['логика', 'отрицания', '']
;D:\Files\Programming\TaskGen\data\266;Алексей Жедь;2010;72;['логика', 'отрицания', '']
;D:\Files\Programming\TaskGen\data\267;Ираклий Гагуа;2010;62;['логика', '', '']
;D:\Files\Programming\TaskGen\data\268;Ираклий Гагуа;2010;62;['логика', '', '']
;D:\Files\Programming\TaskGen\data\269;Ираклий Гагуа;2010;63;['логика', '', '']
;D:\Files\Programming\TaskGen\data\27;25 школа;2012;72;['комбинаторика', '', '']
;D:\Files\Programming\TaskGen\data\270;Ираклий Гагуа;2010;63;['логика', '', '']
;D:\Files\Programming\TaskGen\data\271;Ираклий Гагуа;2010;63;['логика', '', '']
;D:\Files\Programming\TaskGen\data\272;Ираклий Гагуа;2010;51;['логика', 'отрицания', '']
;D:\Files\Programming\TaskGen\data\273;Ираклий Гагуа;2010;51;['логика', 'отрицания', '']
;D:\Files\Programming\TaskGen\data\274;Ираклий Гагуа;2010;51;['логика', 'отрицания', '']
;D:\Files\Programming\TaskGen\data\275;Ираклий Гагуа;2010;51;['логика', 'отрицания', '']
;D:\Files\Programming\TaskGen\data\276;Елена Фадеева;2016;51;['логика', 'рыцари', '']
;D:\Files\Programming\TaskGen\data\277;Елена Фадеева;2016;51;['логика', 'рыцари', '']
;D:\Files\Programming\TaskGen\data\278;Елена Фадеева;2016;51;['логика', 'рыцари', '']
;D:\Files\Programming\TaskGen\data\279;Елена Фадеева;2016;51;['логика', 'рыцари', '']
;D:\Files\Programming\TaskGen\data\28;Павел Минаев;2017;82;['комбинаторика', '', '']
;D:\Files\Programming\TaskGen\data\280;Елена Фадеева;2016;51;['логика', 'рыцари', '']
;D:\Files\Programming\TaskGen\data\281;Елена Фадеева;2016;51;['логика', 'рыцари', '']
;D:\Files\Programming\TaskGen\data\282;Елена Фадеева;2016;51;['логика', 'рыцари', '']
;D:\Files\Programming\TaskGen\data\283;Елена Фадеева;2016;51;['логика', 'рыцари', '']
;D:\Files\Programming\TaskGen\data\284;Елена Фадеева;2016;51;['логика', 'рыцари', '']
;D:\Files\Programming\TaskGen\data\285;Елена Фадеева;2016;51;['логика', 'рыцари', '']
;D:\Files\Programming\TaskGen\data\286;Елена Фадеева;2016;51;['логика', 'рыцари', '']
;D:\Files\Programming\TaskGen\data\287;Елена Фадеева;2016;51;['логика', 'рыцари', '']
;D:\Files\Programming\TaskGen\data\288;Елена Фадеева;2016;51;['логика', 'рыцари', '']
;D:\Files\Programming\TaskGen\data\289;Елена Фадеева;2016;51;['логика', 'рыцари', '']
;D:\Files\Programming\TaskGen\data\29;Павел Минаев;2017;83;['комбинаторика', '', '']
;D:\Files\Programming\TaskGen\data\290;Дмитрий Трущин;2017;52;['оценка+пример', 'блоки', '']
;D:\Files\Programming\TaskGen\data\291;Дмитрий Трущин;2017;52;['оценка+пример', 'блоки', '']
;D:\Files\Programming\TaskGen\data\292;Дмитрий Трущин;2017;52;['оценка+пример', 'блоки', '']
;D:\Files\Programming\TaskGen\data\293;Дмитрий Трущин;2017;52;['оценка+пример', 'блоки', '']
;D:\Files\Programming\TaskGen\data\294;Дмитрий Трущин;2017;52;['оценка+пример', 'блоки', '']
;D:\Files\Programming\TaskGen\data\295;Дмитрий Трущин;2017;52;['оценка+пример', 'блоки', '']
;D:\Files\Programming\TaskGen\data\296;Дмитрий Трущин;2017;52;['оценка+пример', 'блоки', '']
;D:\Files\Programming\TaskGen\data\297;ЗМШ 13;2013;10;['переливания', '', '']
;D:\Files\Programming\TaskGen\data\298;ЗМШ 13;2013;10;['взвешивания', '', '']
;D:\Files\Programming\TaskGen\data\299;ЗМШ 13;2013;10;['переливания', '', '']
;D:\Files\Programming\TaskGen\data\3;Ираклий Гагуа;2011;51;['комбинаторика', 'числа', '']
;D:\Files\Programming\TaskGen\data\30;Павел Минаев;2017;81;['комбинаторика', '', '']
;D:\Files\Programming\TaskGen\data\300;ЗМШ 13;2013;10;['взвешивания', 'монеты', '']
;D:\Files\Programming\TaskGen\data\301;ЗМШ 13;2013;10;['взвешивания', '', '']
;D:\Files\Programming\TaskGen\data\302;ЗМШ 13;2013;10;['взвешивания', '', '']
;D:\Files\Programming\TaskGen\data\303;ЗМШ 13;2013;10;['взвешивания', '', '']
;D:\Files\Programming\TaskGen\data\304;ЗМШ 13;2013;10;['взвешивания', '', '']
;D:\Files\Programming\TaskGen\data\31;25 школа;2017;70;['комбинаторика', '', '']
;D:\Files\Programming\TaskGen\data\32;25 школа;2017;70;['комбинаторика', '', '']
;D:\Files\Programming\TaskGen\data\33;25 школа;2017;71;['комбинаторика', '', '']
;D:\Files\Programming\TaskGen\data\34;25 школа;2017;70;['комбинаторика', '', '']
;D:\Files\Programming\TaskGen\data\35;25 школа;2017;71;['комбинаторика', 'геометрия', '']
;D:\Files\Programming\TaskGen\data\36;25 школа;2017;72;['комбинаторика', '', '']
;D:\Files\Programming\TaskGen\data\37;25 школа;2017;70;['комбинаторика', '', '']
;D:\Files\Programming\TaskGen\data\38;25 школа;2017;71;['комбинаторика', '', '']
;D:\Files\Programming\TaskGen\data\39;25 школа;2017;72;['комбинаторика', 'шахматы', '']
;D:\Files\Programming\TaskGen\data\4;Ираклий Гагуа;2011;52;['комбинаторика', 'шахматы', '']
;D:\Files\Programming\TaskGen\data\40;25 школа;2017;73;['комбинаторика', 'числа', '']
;D:\Files\Programming\TaskGen\data\41;25 школа;2017;73;['комбинаторика', 'числа', '']
;D:\Files\Programming\TaskGen\data\42;25 школа;2017;72;['комбинаторика', 'графы', '']
;D:\Files\Programming\TaskGen\data\43;Дарья Анзон;2017;80;['комбинаторика', '', '']
;D:\Files\Programming\TaskGen\data\44;Дарья Анзон;2017;81;['комбинаторика', '', '']
;D:\Files\Programming\TaskGen\data\45;Дарья Анзон;2017;81;['комбинаторика', '', '']
;D:\Files\Programming\TaskGen\data\46;Дарья Анзон;2017;82;['комбинаторика', '', '']
;D:\Files\Programming\TaskGen\data\47;Дарья Анзон;2017;82;['комбинаторика', '', '']
;D:\Files\Programming\TaskGen\data\48;Дарья Анзон;2017;81;['комбинаторика', '', '']
;D:\Files\Programming\TaskGen\data\49;Дарья Анзон;2017;81;['комбинаторика', '', '']
;D:\Files\Programming\TaskGen\data\5;Ираклий Гагуа;2011;52;['комбинаторика', 'шахматы', '']
;D:\Files\Programming\TaskGen\data\50;Дарья Анзон;2017;82;['комбинаторика', '', '']
;D:\Files\Programming\TaskGen\data\51;Дарья Анзон;2017;81;['комбинаторика', '', '']
;D:\Files\Programming\TaskGen\data\52;Дарья Анзон;2017;82;['комбинаторика', '', '']
;D:\Files\Programming\TaskGen\data\53;Дарья Анзон;2017;83;['комбинаторика', '', '']
;D:\Files\Programming\TaskGen\data\54;Дарья Анзон;2017;83;['комбинаторика', '', '']
;D:\Files\Programming\TaskGen\data\55;Дарья Анзон;2017;82;['комбинаторика', 'кубики', '']
;D:\Files\Programming\TaskGen\data\56;Дарья Анзон;2017;82;['неравенства', '', '']
;D:\Files\Programming\TaskGen\data\57;Дарья Анзон;2017;81;['графы', 'кубики', 'стереометрия']
;D:\Files\Programming\TaskGen\data\58;Дарья Анзон;2017;83;['конструктивы', 'стереометрия', '']
;D:\Files\Programming\TaskGen\data\59;Дмитрий Трущин;2013;72;['комбинаторика', '', '']
;D:\Files\Programming\TaskGen\data\6;Ираклий Гагуа;2011;70;['комбинаторика', '', '']
;D:\Files\Programming\TaskGen\data\60;Дмитрий Трущин;2013;73;['комбинаторика', 'алгебра', '']
;D:\Files\Programming\TaskGen\data\61;Дмитрий Трущин;2013;73;['комбинаторика', '', '']
;D:\Files\Programming\TaskGen\data\62;Дмитрий Трущин;2013;72;['комбинаторика', '', '']
;D:\Files\Programming\TaskGen\data\63;Дмитрий Трущин;2013;72;['комбинаторика', '', '']
;D:\Files\Programming\TaskGen\data\64;Дмитрий Трущин;2013;72;['комбинаторика', '', '']
;D:\Files\Programming\TaskGen\data\65;Дмитрий Трущин;2013;72;['комбинаторика', '', '']
;D:\Files\Programming\TaskGen\data\66;Дмитрий Трущин;2013;72;['комбинаторика', '', '']
;D:\Files\Programming\TaskGen\data\67;Дмитрий Трущин;2013;73;['комбинаторика', '', '']
;D:\Files\Programming\TaskGen\data\68;Дмитрий Трущин;2013;73;['комбинаторика', 'алгебра', '']
;D:\Files\Programming\TaskGen\data\69;Дмитрий Трущин;2013;74;['комбинаторика', 'алгебра', '']
;D:\Files\Programming\TaskGen\data\7;Ираклий Гагуа;2011;71;['комбинаторика', '', '']
;D:\Files\Programming\TaskGen\data\70;Дмитрий Трущин;2013;73;['комбинаторика', '', '']
;D:\Files\Programming\TaskGen\data\71;Лев Юманов;2016;50;['дирихле', '', '']
;D:\Files\Programming\TaskGen\data\72;Лев Юманов;2016;50;['дирихле', '', '']
;D:\Files\Programming\TaskGen\data\73;Лев Юманов;2016;50;['комбинаторика', '', '']
;D:\Files\Programming\TaskGen\data\74;Лев Юманов;2016;50;['комбинаторика', 'числа', '']
;D:\Files\Programming\TaskGen\data\75;Лев Юманов;2016;50;['комбинаторика', 'шахматы', '']
;D:\Files\Programming\TaskGen\data\76;Ирина Шпаковская;2017;30;['комбинаторика', '', '']
;D:\Files\Programming\TaskGen\data\77;Ирина Шпаковская;2017;30;['комбинаторика', '', '']
;D:\Files\Programming\TaskGen\data\78;Ирина Шпаковская;2017;30;['комбинаторика', '', '']
;D:\Files\Programming\TaskGen\data\79;Ирина Шпаковская;2017;30;['комбинаторика', '', '']
;D:\Files\Programming\TaskGen\data\8;Ираклий Гагуа;2011;71;['комбинаторика', '', '']
;D:\Files\Programming\TaskGen\data\80;Ирина Шпаковская;2017;30;['комбинаторика', '', '']
;D:\Files\Programming\TaskGen\data\81;Ирина Шпаковская;2017;30;['комбинаторика', '', '']
;D:\Files\Programming\TaskGen\data\82;Ирина Шпаковская;2017;30;['комбинаторика', '', '']
;D:\Files\Programming\TaskGen\data\83;Ирина Шпаковская;2017;30;['комбинаторика', '', '']
;D:\Files\Programming\TaskGen\data\84;Ирина Шпаковская;2017;30;['комбинаторика', '', '']
;D:\Files\Programming\TaskGen\data\85;Ираклий Гагуа;2010;30;['комбинаторика', 'геометрия', '']
;D:\Files\Programming\TaskGen\data\86;Ираклий Гагуа;2010;30;['комбинаторика', 'геометрия', '']
;D:\Files\Programming\TaskGen\data\87;Ираклий Гагуа;2010;30;['комбинаторика', 'геометрия', '']
;D:\Files\Programming\TaskGen\data\88;Ираклий Гагуа;2010;30;['комбинаторика', 'геометрия', '']
;D:\Files\Programming\TaskGen\data\89;Ираклий Гагуа;2010;30;['комбинаторика', 'геометрия', '']
;D:\Files\Programming\TaskGen\data\9;Ираклий Гагуа;2011;73;['комбинаторика', '', '']
;D:\Files\Programming\TaskGen\data\90;Ираклий Гагуа;2010;30;['комбинаторика', 'геометрия', '']
;D:\Files\Programming\TaskGen\data\91;Ираклий Гагуа;2010;30;['комбинаторика', 'геометрия', '']
;D:\Files\Programming\TaskGen\data\92;Ираклий Гагуа;2010;30;['комбинаторика', 'геометрия', '']
;D:\Files\Programming\TaskGen\data\93;Ираклий Гагуа;2010;30;['комбинаторика', 'геометрия', '']
;D:\Files\Programming\TaskGen\data\94;Ираклий Гагуа;2010;30;['комбинаторика', 'геометрия', '']
;D:\Files\Programming\TaskGen\data\95;Павел Живцов;2018;71;['комбинаторика', '', '']
;D:\Files\Programming\TaskGen\data\96;Павел Живцов;2018;71;['комбинаторика', '', '']
;D:\Files\Programming\TaskGen\data\97;Павел Живцов;2018;71;['комбинаторика', '', '']
;D:\Files\Programming\TaskGen\data\98;Павел Живцов;2018;71;['комбинаторика', '', '']
;D:\Files\Programming\TaskGen\data\99;Павел Живцов;2018;71;['комбинаторика', '', '']
